ISO-10303-21;
HEADER;
/* Generated by software containing ST-Developer
 * from STEP Tools, Inc. (www.steptools.com) 
 */

FILE_DESCRIPTION(
/* description */ ('KiCad electronic assembly'),
/* implementation_level */ '2;1');

FILE_NAME(
/* name */ 'K2601 DCS.step',
/* time_stamp */ '2026-09-04T00:09:46+02:00',
/* author */ (''),
/* organization */ (''),
/* preprocessor_version */ 'ST-DEVELOPER v20.1',
/* originating_system */ 'Autodesk Translation Framework v15.8.0.0',
/* authorisation */ '');

FILE_SCHEMA (('AUTOMOTIVE_DESIGN { 1 0 10303 214 3 1 1 }'));
ENDSEC;

DATA;
#10=MECHANICAL_DESIGN_GEOMETRIC_PRESENTATION_REPRESENTATION('',(#20,#21),
#3155);
#11=SHAPE_REPRESENTATION_RELATIONSHIP('SRR','None',#3162,#12);
#12=ADVANCED_BREP_SHAPE_REPRESENTATION('',(#22,#23),#3154);
#13=B_SPLINE_CURVE_WITH_KNOTS('',3,(#2877,#2878,#2879,#2880,#2881,#2882,
#2883,#2884,#2885,#2886),.UNSPECIFIED.,.F.,.F.,(4,2,2,2,4),(0.,0.146953523916135,
0.29390704783227,0.389486081035608,0.485065114238947),.UNSPECIFIED.);
#14=B_SPLINE_CURVE_WITH_KNOTS('',3,(#2908,#2909,#2910,#2911,#2912,#2913,
#2914,#2915,#2916,#2917),.UNSPECIFIED.,.F.,.F.,(4,2,2,2,4),(1.26383060009627,
1.35940963329961,1.45498866650295,1.60194219041908,1.74889571433522),
 .UNSPECIFIED.);
#15=B_SPLINE_CURVE_WITH_KNOTS('',3,(#2925,#2926,#2927,#2928,#2929,#2930,
#2931,#2932,#2933,#2934,#2935),.UNSPECIFIED.,.F.,.F.,(4,2,3,2,4),(-0.212909960740554,
-0.143951351368177,0.,0.143951351368177,0.212909960740547),
 .UNSPECIFIED.);
#16=TOROIDAL_SURFACE('',#1946,5.,2.5);
#17=TOROIDAL_SURFACE('',#1955,5.,2.5);
#18=TOROIDAL_SURFACE('',#1973,5.00000000000002,2.5);
#19=TOROIDAL_SURFACE('',#1996,5.00000000000002,2.50000000000002);
#20=STYLED_ITEM('',(#3172),#22);
#21=STYLED_ITEM('',(#3172),#23);
#22=MANIFOLD_SOLID_BREP('Body4',#1851);
#23=MANIFOLD_SOLID_BREP('Body6',#1852);
#24=FACE_BOUND('',#609,.T.);
#25=FACE_BOUND('',#612,.T.);
#26=FACE_BOUND('',#613,.T.);
#27=FACE_BOUND('',#614,.T.);
#28=FACE_BOUND('',#615,.T.);
#29=FACE_BOUND('',#621,.T.);
#30=FACE_BOUND('',#622,.T.);
#31=FACE_BOUND('',#623,.T.);
#32=FACE_BOUND('',#624,.T.);
#33=FACE_BOUND('',#640,.T.);
#34=FACE_BOUND('',#641,.T.);
#35=FACE_BOUND('',#642,.T.);
#36=FACE_BOUND('',#643,.T.);
#37=FACE_BOUND('',#644,.T.);
#38=FACE_BOUND('',#694,.T.);
#39=FACE_BOUND('',#695,.T.);
#40=FACE_BOUND('',#696,.T.);
#41=FACE_BOUND('',#697,.T.);
#42=FACE_BOUND('',#698,.T.);
#43=FACE_BOUND('',#700,.T.);
#44=FACE_BOUND('',#717,.T.);
#45=PLANE('',#1894);
#46=PLANE('',#1895);
#47=PLANE('',#1896);
#48=PLANE('',#1897);
#49=PLANE('',#1902);
#50=PLANE('',#1903);
#51=PLANE('',#1904);
#52=PLANE('',#1905);
#53=PLANE('',#1906);
#54=PLANE('',#1915);
#55=PLANE('',#1916);
#56=PLANE('',#1917);
#57=PLANE('',#1918);
#58=PLANE('',#1920);
#59=PLANE('',#1921);
#60=PLANE('',#1922);
#61=PLANE('',#1923);
#62=PLANE('',#1924);
#63=PLANE('',#1925);
#64=PLANE('',#1926);
#65=PLANE('',#1935);
#66=PLANE('',#1936);
#67=PLANE('',#1969);
#68=PLANE('',#1970);
#69=PLANE('',#2012);
#70=PLANE('',#2013);
#71=PLANE('',#2014);
#72=PLANE('',#2015);
#73=PLANE('',#2016);
#74=PLANE('',#2017);
#75=PLANE('',#2018);
#76=PLANE('',#2019);
#77=PLANE('',#2020);
#78=PLANE('',#2021);
#79=PLANE('',#2022);
#80=PLANE('',#2023);
#81=PLANE('',#2024);
#82=PLANE('',#2029);
#83=PLANE('',#2031);
#84=PLANE('',#2032);
#85=PLANE('',#2033);
#86=PLANE('',#2034);
#87=PLANE('',#2039);
#88=PLANE('',#2040);
#89=PLANE('',#2041);
#90=PLANE('',#2042);
#91=PLANE('',#2043);
#92=PLANE('',#2044);
#93=PLANE('',#2045);
#94=PLANE('',#2046);
#95=PLANE('',#2048);
#96=PLANE('',#2049);
#97=PLANE('',#2050);
#98=PLANE('',#2051);
#99=LINE('',#2618,#275);
#100=LINE('',#2619,#276);
#101=LINE('',#2628,#277);
#102=LINE('',#2629,#278);
#103=LINE('',#2634,#279);
#104=LINE('',#2635,#280);
#105=LINE('',#2644,#281);
#106=LINE('',#2645,#282);
#107=LINE('',#2647,#283);
#108=LINE('',#2648,#284);
#109=LINE('',#2653,#285);
#110=LINE('',#2654,#286);
#111=LINE('',#2659,#287);
#112=LINE('',#2660,#288);
#113=LINE('',#2665,#289);
#114=LINE('',#2666,#290);
#115=LINE('',#2668,#291);
#116=LINE('',#2670,#292);
#117=LINE('',#2671,#293);
#118=LINE('',#2672,#294);
#119=LINE('',#2675,#295);
#120=LINE('',#2677,#296);
#121=LINE('',#2679,#297);
#122=LINE('',#2680,#298);
#123=LINE('',#2695,#299);
#124=LINE('',#2697,#300);
#125=LINE('',#2698,#301);
#126=LINE('',#2701,#302);
#127=LINE('',#2702,#303);
#128=LINE('',#2705,#304);
#129=LINE('',#2706,#305);
#130=LINE('',#2716,#306);
#131=LINE('',#2718,#307);
#132=LINE('',#2720,#308);
#133=LINE('',#2722,#309);
#134=LINE('',#2724,#310);
#135=LINE('',#2729,#311);
#136=LINE('',#2731,#312);
#137=LINE('',#2733,#313);
#138=LINE('',#2734,#314);
#139=LINE('',#2737,#315);
#140=LINE('',#2739,#316);
#141=LINE('',#2741,#317);
#142=LINE('',#2743,#318);
#143=LINE('',#2745,#319);
#144=LINE('',#2747,#320);
#145=LINE('',#2749,#321);
#146=LINE('',#2751,#322);
#147=LINE('',#2753,#323);
#148=LINE('',#2755,#324);
#149=LINE('',#2757,#325);
#150=LINE('',#2760,#326);
#151=LINE('',#2764,#327);
#152=LINE('',#2766,#328);
#153=LINE('',#2768,#329);
#154=LINE('',#2769,#330);
#155=LINE('',#2772,#331);
#156=LINE('',#2774,#332);
#157=LINE('',#2775,#333);
#158=LINE('',#2778,#334);
#159=LINE('',#2780,#335);
#160=LINE('',#2781,#336);
#161=LINE('',#2783,#337);
#162=LINE('',#2784,#338);
#163=LINE('',#2787,#339);
#164=LINE('',#2789,#340);
#165=LINE('',#2790,#341);
#166=LINE('',#2793,#342);
#167=LINE('',#2794,#343);
#168=LINE('',#2798,#344);
#169=LINE('',#2800,#345);
#170=LINE('',#2804,#346);
#171=LINE('',#2806,#347);
#172=LINE('',#2808,#348);
#173=LINE('',#2810,#349);
#174=LINE('',#2812,#350);
#175=LINE('',#2815,#351);
#176=LINE('',#2826,#352);
#177=LINE('',#2829,#353);
#178=LINE('',#2832,#354);
#179=LINE('',#2833,#355);
#180=LINE('',#2835,#356);
#181=LINE('',#2837,#357);
#182=LINE('',#2839,#358);
#183=LINE('',#2841,#359);
#184=LINE('',#2843,#360);
#185=LINE('',#2845,#361);
#186=LINE('',#2847,#362);
#187=LINE('',#2849,#363);
#188=LINE('',#2851,#364);
#189=LINE('',#2853,#365);
#190=LINE('',#2854,#366);
#191=LINE('',#2860,#367);
#192=LINE('',#2872,#368);
#193=LINE('',#2873,#369);
#194=LINE('',#2892,#370);
#195=LINE('',#2893,#371);
#196=LINE('',#2920,#372);
#197=LINE('',#2921,#373);
#198=LINE('',#2936,#374);
#199=LINE('',#2937,#375);
#200=LINE('',#2938,#376);
#201=LINE('',#2942,#377);
#202=LINE('',#2943,#378);
#203=LINE('',#2950,#379);
#204=LINE('',#2953,#380);
#205=LINE('',#2955,#381);
#206=LINE('',#2964,#382);
#207=LINE('',#2991,#383);
#208=LINE('',#2999,#384);
#209=LINE('',#3001,#385);
#210=LINE('',#3003,#386);
#211=LINE('',#3004,#387);
#212=LINE('',#3006,#388);
#213=LINE('',#3010,#389);
#214=LINE('',#3012,#390);
#215=LINE('',#3017,#391);
#216=LINE('',#3018,#392);
#217=LINE('',#3020,#393);
#218=LINE('',#3025,#394);
#219=LINE('',#3026,#395);
#220=LINE('',#3029,#396);
#221=LINE('',#3031,#397);
#222=LINE('',#3033,#398);
#223=LINE('',#3035,#399);
#224=LINE('',#3037,#400);
#225=LINE('',#3038,#401);
#226=LINE('',#3039,#402);
#227=LINE('',#3040,#403);
#228=LINE('',#3043,#404);
#229=LINE('',#3046,#405);
#230=LINE('',#3050,#406);
#231=LINE('',#3052,#407);
#232=LINE('',#3054,#408);
#233=LINE('',#3056,#409);
#234=LINE('',#3057,#410);
#235=LINE('',#3060,#411);
#236=LINE('',#3062,#412);
#237=LINE('',#3063,#413);
#238=LINE('',#3066,#414);
#239=LINE('',#3067,#415);
#240=LINE('',#3070,#416);
#241=LINE('',#3072,#417);
#242=LINE('',#3073,#418);
#243=LINE('',#3076,#419);
#244=LINE('',#3078,#420);
#245=LINE('',#3080,#421);
#246=LINE('',#3082,#422);
#247=LINE('',#3083,#423);
#248=LINE('',#3084,#424);
#249=LINE('',#3096,#425);
#250=LINE('',#3098,#426);
#251=LINE('',#3100,#427);
#252=LINE('',#3101,#428);
#253=LINE('',#3105,#429);
#254=LINE('',#3108,#430);
#255=LINE('',#3110,#431);
#256=LINE('',#3111,#432);
#257=LINE('',#3114,#433);
#258=LINE('',#3116,#434);
#259=LINE('',#3117,#435);
#260=LINE('',#3119,#436);
#261=LINE('',#3121,#437);
#262=LINE('',#3123,#438);
#263=LINE('',#3125,#439);
#264=LINE('',#3127,#440);
#265=LINE('',#3132,#441);
#266=LINE('',#3133,#442);
#267=LINE('',#3135,#443);
#268=LINE('',#3137,#444);
#269=LINE('',#3138,#445);
#270=LINE('',#3139,#446);
#271=LINE('',#3141,#447);
#272=LINE('',#3145,#448);
#273=LINE('',#3147,#449);
#274=LINE('',#3149,#450);
#275=VECTOR('',#2072,10.);
#276=VECTOR('',#2073,10.);
#277=VECTOR('',#2084,10.);
#278=VECTOR('',#2085,10.);
#279=VECTOR('',#2090,10.);
#280=VECTOR('',#2091,10.);
#281=VECTOR('',#2102,10.);
#282=VECTOR('',#2103,10.);
#283=VECTOR('',#2106,10.);
#284=VECTOR('',#2107,10.);
#285=VECTOR('',#2112,10.);
#286=VECTOR('',#2113,10.);
#287=VECTOR('',#2118,10.);
#288=VECTOR('',#2119,10.);
#289=VECTOR('',#2124,10.);
#290=VECTOR('',#2125,10.);
#291=VECTOR('',#2128,10.);
#292=VECTOR('',#2131,10.);
#293=VECTOR('',#2132,10.);
#294=VECTOR('',#2133,10.);
#295=VECTOR('',#2134,10.);
#296=VECTOR('',#2135,10.);
#297=VECTOR('',#2136,10.);
#298=VECTOR('',#2137,10.);
#299=VECTOR('',#2156,10.);
#300=VECTOR('',#2157,10.);
#301=VECTOR('',#2158,10.);
#302=VECTOR('',#2161,10.);
#303=VECTOR('',#2162,10.);
#304=VECTOR('',#2165,10.);
#305=VECTOR('',#2166,10.);
#306=VECTOR('',#2177,1.25);
#307=VECTOR('',#2180,1.25);
#308=VECTOR('',#2183,1.25);
#309=VECTOR('',#2186,1.25);
#310=VECTOR('',#2189,10.);
#311=VECTOR('',#2194,10.);
#312=VECTOR('',#2195,10.);
#313=VECTOR('',#2196,10.);
#314=VECTOR('',#2197,10.);
#315=VECTOR('',#2200,10.);
#316=VECTOR('',#2201,10.);
#317=VECTOR('',#2202,10.);
#318=VECTOR('',#2203,10.);
#319=VECTOR('',#2204,10.);
#320=VECTOR('',#2205,10.);
#321=VECTOR('',#2206,10.);
#322=VECTOR('',#2207,10.);
#323=VECTOR('',#2208,10.);
#324=VECTOR('',#2209,10.);
#325=VECTOR('',#2210,10.);
#326=VECTOR('',#2213,10.);
#327=VECTOR('',#2216,10.);
#328=VECTOR('',#2217,10.);
#329=VECTOR('',#2218,10.);
#330=VECTOR('',#2219,10.);
#331=VECTOR('',#2222,10.);
#332=VECTOR('',#2223,10.);
#333=VECTOR('',#2224,10.);
#334=VECTOR('',#2227,10.);
#335=VECTOR('',#2228,10.);
#336=VECTOR('',#2229,10.);
#337=VECTOR('',#2232,10.);
#338=VECTOR('',#2233,10.);
#339=VECTOR('',#2236,10.);
#340=VECTOR('',#2237,10.);
#341=VECTOR('',#2238,10.);
#342=VECTOR('',#2241,10.);
#343=VECTOR('',#2242,10.);
#344=VECTOR('',#2245,10.);
#345=VECTOR('',#2246,10.);
#346=VECTOR('',#2249,10.);
#347=VECTOR('',#2250,10.);
#348=VECTOR('',#2251,10.);
#349=VECTOR('',#2252,10.);
#350=VECTOR('',#2253,10.);
#351=VECTOR('',#2256,10.);
#352=VECTOR('',#2267,10.);
#353=VECTOR('',#2270,10.);
#354=VECTOR('',#2273,10.);
#355=VECTOR('',#2274,10.);
#356=VECTOR('',#2277,10.);
#357=VECTOR('',#2278,10.);
#358=VECTOR('',#2279,10.);
#359=VECTOR('',#2280,10.);
#360=VECTOR('',#2281,10.);
#361=VECTOR('',#2282,10.);
#362=VECTOR('',#2283,10.);
#363=VECTOR('',#2284,10.);
#364=VECTOR('',#2285,10.);
#365=VECTOR('',#2286,10.);
#366=VECTOR('',#2287,10.);
#367=VECTOR('',#2294,10.);
#368=VECTOR('',#2307,10.);
#369=VECTOR('',#2308,10.);
#370=VECTOR('',#2319,10.);
#371=VECTOR('',#2320,10.);
#372=VECTOR('',#2339,10.);
#373=VECTOR('',#2340,10.);
#374=VECTOR('',#2343,10.);
#375=VECTOR('',#2344,10.);
#376=VECTOR('',#2345,10.);
#377=VECTOR('',#2350,10.);
#378=VECTOR('',#2351,10.);
#379=VECTOR('',#2362,10.);
#380=VECTOR('',#2365,10.);
#381=VECTOR('',#2368,10.);
#382=VECTOR('',#2383,10.);
#383=VECTOR('',#2422,10.);
#384=VECTOR('',#2433,10.);
#385=VECTOR('',#2436,10.);
#386=VECTOR('',#2439,10.);
#387=VECTOR('',#2440,10.);
#388=VECTOR('',#2443,10.);
#389=VECTOR('',#2448,10.);
#390=VECTOR('',#2451,10.);
#391=VECTOR('',#2456,10.);
#392=VECTOR('',#2457,10.);
#393=VECTOR('',#2460,10.);
#394=VECTOR('',#2465,10.);
#395=VECTOR('',#2466,10.);
#396=VECTOR('',#2471,10.);
#397=VECTOR('',#2474,10.);
#398=VECTOR('',#2477,10.);
#399=VECTOR('',#2478,10.);
#400=VECTOR('',#2479,10.);
#401=VECTOR('',#2480,10.);
#402=VECTOR('',#2481,10.);
#403=VECTOR('',#2482,10.);
#404=VECTOR('',#2487,10.);
#405=VECTOR('',#2492,10.);
#406=VECTOR('',#2495,10.);
#407=VECTOR('',#2496,10.);
#408=VECTOR('',#2497,10.);
#409=VECTOR('',#2498,10.);
#410=VECTOR('',#2499,10.);
#411=VECTOR('',#2502,10.);
#412=VECTOR('',#2503,10.);
#413=VECTOR('',#2504,10.);
#414=VECTOR('',#2507,10.);
#415=VECTOR('',#2508,10.);
#416=VECTOR('',#2511,10.);
#417=VECTOR('',#2512,10.);
#418=VECTOR('',#2513,10.);
#419=VECTOR('',#2516,10.);
#420=VECTOR('',#2517,10.);
#421=VECTOR('',#2518,10.);
#422=VECTOR('',#2519,10.);
#423=VECTOR('',#2520,10.);
#424=VECTOR('',#2521,10.);
#425=VECTOR('',#2532,10.);
#426=VECTOR('',#2533,10.);
#427=VECTOR('',#2534,10.);
#428=VECTOR('',#2535,10.);
#429=VECTOR('',#2540,10.);
#430=VECTOR('',#2543,10.);
#431=VECTOR('',#2544,10.);
#432=VECTOR('',#2545,10.);
#433=VECTOR('',#2548,10.);
#434=VECTOR('',#2549,10.);
#435=VECTOR('',#2550,10.);
#436=VECTOR('',#2553,10.);
#437=VECTOR('',#2556,1.25);
#438=VECTOR('',#2559,1.25);
#439=VECTOR('',#2562,1.25);
#440=VECTOR('',#2565,1.25);
#441=VECTOR('',#2572,10.);
#442=VECTOR('',#2573,10.);
#443=VECTOR('',#2576,10.);
#444=VECTOR('',#2579,10.);
#445=VECTOR('',#2580,10.);
#446=VECTOR('',#2581,10.);
#447=VECTOR('',#2584,10.);
#448=VECTOR('',#2591,3.22500000000002);
#449=VECTOR('',#2594,10.);
#450=VECTOR('',#2597,10.);
#451=CYLINDRICAL_SURFACE('',#1874,2.5);
#452=CYLINDRICAL_SURFACE('',#1879,2.5);
#453=CYLINDRICAL_SURFACE('',#1880,2.5);
#454=CYLINDRICAL_SURFACE('',#1886,2.5);
#455=CYLINDRICAL_SURFACE('',#1887,2.5);
#456=CYLINDRICAL_SURFACE('',#1888,2.5);
#457=CYLINDRICAL_SURFACE('',#1890,2.5);
#458=CYLINDRICAL_SURFACE('',#1892,2.5);
#459=CYLINDRICAL_SURFACE('',#1911,1.25);
#460=CYLINDRICAL_SURFACE('',#1912,1.25);
#461=CYLINDRICAL_SURFACE('',#1913,1.25);
#462=CYLINDRICAL_SURFACE('',#1914,1.25);
#463=CYLINDRICAL_SURFACE('',#1933,1.00000001490116);
#464=CYLINDRICAL_SURFACE('',#1937,2.5);
#465=CYLINDRICAL_SURFACE('',#1944,2.5);
#466=CYLINDRICAL_SURFACE('',#1949,2.5);
#467=CYLINDRICAL_SURFACE('',#1959,2.5);
#468=CYLINDRICAL_SURFACE('',#1960,2.5);
#469=CYLINDRICAL_SURFACE('',#1961,2.5);
#470=CYLINDRICAL_SURFACE('',#1967,2.5);
#471=CYLINDRICAL_SURFACE('',#1976,2.5);
#472=CYLINDRICAL_SURFACE('',#1993,2.5);
#473=CYLINDRICAL_SURFACE('',#1994,2.5);
#474=CYLINDRICAL_SURFACE('',#2000,2.5);
#475=CYLINDRICAL_SURFACE('',#2001,2.5);
#476=CYLINDRICAL_SURFACE('',#2002,2.5);
#477=CYLINDRICAL_SURFACE('',#2003,2.5);
#478=CYLINDRICAL_SURFACE('',#2004,2.5);
#479=CYLINDRICAL_SURFACE('',#2006,2.5);
#480=CYLINDRICAL_SURFACE('',#2007,2.5);
#481=CYLINDRICAL_SURFACE('',#2009,2.5);
#482=CYLINDRICAL_SURFACE('',#2010,2.5);
#483=CYLINDRICAL_SURFACE('',#2035,1.25);
#484=CYLINDRICAL_SURFACE('',#2036,1.25);
#485=CYLINDRICAL_SURFACE('',#2037,1.25);
#486=CYLINDRICAL_SURFACE('',#2038,1.25);
#487=CYLINDRICAL_SURFACE('',#2047,3.42500000000002);
#488=FACE_OUTER_BOUND('',#595,.T.);
#489=FACE_OUTER_BOUND('',#596,.T.);
#490=FACE_OUTER_BOUND('',#597,.T.);
#491=FACE_OUTER_BOUND('',#598,.T.);
#492=FACE_OUTER_BOUND('',#599,.T.);
#493=FACE_OUTER_BOUND('',#600,.T.);
#494=FACE_OUTER_BOUND('',#601,.T.);
#495=FACE_OUTER_BOUND('',#602,.T.);
#496=FACE_OUTER_BOUND('',#603,.T.);
#497=FACE_OUTER_BOUND('',#604,.T.);
#498=FACE_OUTER_BOUND('',#605,.T.);
#499=FACE_OUTER_BOUND('',#606,.T.);
#500=FACE_OUTER_BOUND('',#607,.T.);
#501=FACE_OUTER_BOUND('',#608,.T.);
#502=FACE_OUTER_BOUND('',#610,.T.);
#503=FACE_OUTER_BOUND('',#611,.T.);
#504=FACE_OUTER_BOUND('',#616,.T.);
#505=FACE_OUTER_BOUND('',#617,.T.);
#506=FACE_OUTER_BOUND('',#618,.T.);
#507=FACE_OUTER_BOUND('',#619,.T.);
#508=FACE_OUTER_BOUND('',#620,.T.);
#509=FACE_OUTER_BOUND('',#625,.T.);
#510=FACE_OUTER_BOUND('',#626,.T.);
#511=FACE_OUTER_BOUND('',#627,.T.);
#512=FACE_OUTER_BOUND('',#628,.T.);
#513=FACE_OUTER_BOUND('',#629,.T.);
#514=FACE_OUTER_BOUND('',#630,.T.);
#515=FACE_OUTER_BOUND('',#631,.T.);
#516=FACE_OUTER_BOUND('',#632,.T.);
#517=FACE_OUTER_BOUND('',#633,.T.);
#518=FACE_OUTER_BOUND('',#634,.T.);
#519=FACE_OUTER_BOUND('',#635,.T.);
#520=FACE_OUTER_BOUND('',#636,.T.);
#521=FACE_OUTER_BOUND('',#637,.T.);
#522=FACE_OUTER_BOUND('',#638,.T.);
#523=FACE_OUTER_BOUND('',#639,.T.);
#524=FACE_OUTER_BOUND('',#645,.T.);
#525=FACE_OUTER_BOUND('',#646,.T.);
#526=FACE_OUTER_BOUND('',#647,.T.);
#527=FACE_OUTER_BOUND('',#648,.T.);
#528=FACE_OUTER_BOUND('',#649,.T.);
#529=FACE_OUTER_BOUND('',#650,.T.);
#530=FACE_OUTER_BOUND('',#651,.T.);
#531=FACE_OUTER_BOUND('',#652,.T.);
#532=FACE_OUTER_BOUND('',#653,.T.);
#533=FACE_OUTER_BOUND('',#654,.T.);
#534=FACE_OUTER_BOUND('',#655,.T.);
#535=FACE_OUTER_BOUND('',#656,.T.);
#536=FACE_OUTER_BOUND('',#657,.T.);
#537=FACE_OUTER_BOUND('',#658,.T.);
#538=FACE_OUTER_BOUND('',#659,.T.);
#539=FACE_OUTER_BOUND('',#660,.T.);
#540=FACE_OUTER_BOUND('',#661,.T.);
#541=FACE_OUTER_BOUND('',#662,.T.);
#542=FACE_OUTER_BOUND('',#663,.T.);
#543=FACE_OUTER_BOUND('',#664,.T.);
#544=FACE_OUTER_BOUND('',#665,.T.);
#545=FACE_OUTER_BOUND('',#666,.T.);
#546=FACE_OUTER_BOUND('',#667,.T.);
#547=FACE_OUTER_BOUND('',#668,.T.);
#548=FACE_OUTER_BOUND('',#669,.T.);
#549=FACE_OUTER_BOUND('',#670,.T.);
#550=FACE_OUTER_BOUND('',#671,.T.);
#551=FACE_OUTER_BOUND('',#672,.T.);
#552=FACE_OUTER_BOUND('',#673,.T.);
#553=FACE_OUTER_BOUND('',#674,.T.);
#554=FACE_OUTER_BOUND('',#675,.T.);
#555=FACE_OUTER_BOUND('',#676,.T.);
#556=FACE_OUTER_BOUND('',#677,.T.);
#557=FACE_OUTER_BOUND('',#678,.T.);
#558=FACE_OUTER_BOUND('',#679,.T.);
#559=FACE_OUTER_BOUND('',#680,.T.);
#560=FACE_OUTER_BOUND('',#681,.T.);
#561=FACE_OUTER_BOUND('',#682,.T.);
#562=FACE_OUTER_BOUND('',#683,.T.);
#563=FACE_OUTER_BOUND('',#684,.T.);
#564=FACE_OUTER_BOUND('',#685,.T.);
#565=FACE_OUTER_BOUND('',#686,.T.);
#566=FACE_OUTER_BOUND('',#687,.T.);
#567=FACE_OUTER_BOUND('',#688,.T.);
#568=FACE_OUTER_BOUND('',#689,.T.);
#569=FACE_OUTER_BOUND('',#690,.T.);
#570=FACE_OUTER_BOUND('',#691,.T.);
#571=FACE_OUTER_BOUND('',#692,.T.);
#572=FACE_OUTER_BOUND('',#693,.T.);
#573=FACE_OUTER_BOUND('',#699,.T.);
#574=FACE_OUTER_BOUND('',#701,.T.);
#575=FACE_OUTER_BOUND('',#702,.T.);
#576=FACE_OUTER_BOUND('',#703,.T.);
#577=FACE_OUTER_BOUND('',#704,.T.);
#578=FACE_OUTER_BOUND('',#705,.T.);
#579=FACE_OUTER_BOUND('',#706,.T.);
#580=FACE_OUTER_BOUND('',#707,.T.);
#581=FACE_OUTER_BOUND('',#708,.T.);
#582=FACE_OUTER_BOUND('',#709,.T.);
#583=FACE_OUTER_BOUND('',#710,.T.);
#584=FACE_OUTER_BOUND('',#711,.T.);
#585=FACE_OUTER_BOUND('',#712,.T.);
#586=FACE_OUTER_BOUND('',#713,.T.);
#587=FACE_OUTER_BOUND('',#714,.T.);
#588=FACE_OUTER_BOUND('',#715,.T.);
#589=FACE_OUTER_BOUND('',#716,.T.);
#590=FACE_OUTER_BOUND('',#718,.T.);
#591=FACE_OUTER_BOUND('',#719,.T.);
#592=FACE_OUTER_BOUND('',#720,.T.);
#593=FACE_OUTER_BOUND('',#721,.T.);
#594=FACE_OUTER_BOUND('',#722,.T.);
#595=EDGE_LOOP('',(#1216,#1217,#1218));
#596=EDGE_LOOP('',(#1219,#1220,#1221));
#597=EDGE_LOOP('',(#1222,#1223,#1224,#1225));
#598=EDGE_LOOP('',(#1226,#1227,#1228));
#599=EDGE_LOOP('',(#1229,#1230,#1231,#1232));
#600=EDGE_LOOP('',(#1233,#1234,#1235,#1236));
#601=EDGE_LOOP('',(#1237,#1238,#1239));
#602=EDGE_LOOP('',(#1240,#1241,#1242,#1243));
#603=EDGE_LOOP('',(#1244,#1245,#1246,#1247));
#604=EDGE_LOOP('',(#1248,#1249,#1250,#1251));
#605=EDGE_LOOP('',(#1252,#1253,#1254,#1255));
#606=EDGE_LOOP('',(#1256,#1257,#1258,#1259));
#607=EDGE_LOOP('',(#1260,#1261,#1262,#1263));
#608=EDGE_LOOP('',(#1264,#1265,#1266,#1267,#1268,#1269,#1270,#1271));
#609=EDGE_LOOP('',(#1272,#1273,#1274,#1275));
#610=EDGE_LOOP('',(#1276,#1277,#1278,#1279));
#611=EDGE_LOOP('',(#1280,#1281,#1282,#1283));
#612=EDGE_LOOP('',(#1284));
#613=EDGE_LOOP('',(#1285));
#614=EDGE_LOOP('',(#1286));
#615=EDGE_LOOP('',(#1287));
#616=EDGE_LOOP('',(#1288,#1289,#1290,#1291));
#617=EDGE_LOOP('',(#1292,#1293,#1294,#1295));
#618=EDGE_LOOP('',(#1296,#1297,#1298,#1299));
#619=EDGE_LOOP('',(#1300,#1301,#1302,#1303));
#620=EDGE_LOOP('',(#1304,#1305,#1306,#1307));
#621=EDGE_LOOP('',(#1308));
#622=EDGE_LOOP('',(#1309));
#623=EDGE_LOOP('',(#1310));
#624=EDGE_LOOP('',(#1311));
#625=EDGE_LOOP('',(#1312,#1313,#1314,#1315));
#626=EDGE_LOOP('',(#1316,#1317,#1318,#1319));
#627=EDGE_LOOP('',(#1320,#1321,#1322,#1323));
#628=EDGE_LOOP('',(#1324,#1325,#1326,#1327));
#629=EDGE_LOOP('',(#1328,#1329,#1330,#1331));
#630=EDGE_LOOP('',(#1332,#1333,#1334,#1335));
#631=EDGE_LOOP('',(#1336,#1337,#1338,#1339));
#632=EDGE_LOOP('',(#1340,#1341,#1342,#1343,#1344,#1345,#1346,#1347,#1348,
#1349,#1350,#1351,#1352,#1353));
#633=EDGE_LOOP('',(#1354,#1355,#1356,#1357));
#634=EDGE_LOOP('',(#1358,#1359,#1360,#1361));
#635=EDGE_LOOP('',(#1362,#1363,#1364,#1365));
#636=EDGE_LOOP('',(#1366,#1367,#1368,#1369));
#637=EDGE_LOOP('',(#1370,#1371,#1372,#1373));
#638=EDGE_LOOP('',(#1374,#1375,#1376,#1377));
#639=EDGE_LOOP('',(#1378,#1379,#1380,#1381,#1382,#1383,#1384,#1385,#1386,
#1387));
#640=EDGE_LOOP('',(#1388));
#641=EDGE_LOOP('',(#1389));
#642=EDGE_LOOP('',(#1390));
#643=EDGE_LOOP('',(#1391));
#644=EDGE_LOOP('',(#1392,#1393,#1394,#1395));
#645=EDGE_LOOP('',(#1396,#1397,#1398,#1399));
#646=EDGE_LOOP('',(#1400,#1401,#1402,#1403));
#647=EDGE_LOOP('',(#1404,#1405,#1406,#1407,#1408,#1409,#1410,#1411,#1412,
#1413,#1414,#1415,#1416,#1417));
#648=EDGE_LOOP('',(#1418,#1419,#1420,#1421));
#649=EDGE_LOOP('',(#1422,#1423,#1424));
#650=EDGE_LOOP('',(#1425,#1426,#1427,#1428));
#651=EDGE_LOOP('',(#1429,#1430,#1431,#1432));
#652=EDGE_LOOP('',(#1433,#1434,#1435,#1436));
#653=EDGE_LOOP('',(#1437,#1438,#1439));
#654=EDGE_LOOP('',(#1440,#1441,#1442,#1443));
#655=EDGE_LOOP('',(#1444,#1445,#1446,#1447));
#656=EDGE_LOOP('',(#1448,#1449,#1450,#1451,#1452,#1453));
#657=EDGE_LOOP('',(#1454,#1455,#1456,#1457));
#658=EDGE_LOOP('',(#1458,#1459,#1460));
#659=EDGE_LOOP('',(#1461,#1462,#1463));
#660=EDGE_LOOP('',(#1464,#1465,#1466,#1467));
#661=EDGE_LOOP('',(#1468,#1469,#1470,#1471,#1472,#1473));
#662=EDGE_LOOP('',(#1474,#1475,#1476,#1477,#1478,#1479,#1480));
#663=EDGE_LOOP('',(#1481,#1482,#1483,#1484));
#664=EDGE_LOOP('',(#1485,#1486,#1487,#1488));
#665=EDGE_LOOP('',(#1489,#1490,#1491));
#666=EDGE_LOOP('',(#1492,#1493,#1494));
#667=EDGE_LOOP('',(#1495,#1496,#1497));
#668=EDGE_LOOP('',(#1498,#1499,#1500));
#669=EDGE_LOOP('',(#1501,#1502,#1503,#1504));
#670=EDGE_LOOP('',(#1505,#1506,#1507,#1508));
#671=EDGE_LOOP('',(#1509,#1510,#1511,#1512));
#672=EDGE_LOOP('',(#1513,#1514,#1515,#1516));
#673=EDGE_LOOP('',(#1517,#1518,#1519,#1520));
#674=EDGE_LOOP('',(#1521,#1522,#1523,#1524));
#675=EDGE_LOOP('',(#1525,#1526,#1527,#1528));
#676=EDGE_LOOP('',(#1529,#1530,#1531,#1532));
#677=EDGE_LOOP('',(#1533,#1534,#1535,#1536));
#678=EDGE_LOOP('',(#1537,#1538,#1539,#1540));
#679=EDGE_LOOP('',(#1541,#1542,#1543,#1544));
#680=EDGE_LOOP('',(#1545,#1546,#1547,#1548));
#681=EDGE_LOOP('',(#1549,#1550,#1551,#1552));
#682=EDGE_LOOP('',(#1553,#1554,#1555,#1556,#1557,#1558,#1559,#1560,#1561,
#1562));
#683=EDGE_LOOP('',(#1563,#1564,#1565,#1566));
#684=EDGE_LOOP('',(#1567,#1568,#1569,#1570,#1571,#1572,#1573,#1574,#1575,
#1576,#1577,#1578,#1579,#1580,#1581,#1582));
#685=EDGE_LOOP('',(#1583,#1584,#1585,#1586));
#686=EDGE_LOOP('',(#1587,#1588,#1589,#1590));
#687=EDGE_LOOP('',(#1591,#1592,#1593,#1594));
#688=EDGE_LOOP('',(#1595,#1596,#1597,#1598));
#689=EDGE_LOOP('',(#1599,#1600,#1601,#1602,#1603));
#690=EDGE_LOOP('',(#1604,#1605,#1606,#1607));
#691=EDGE_LOOP('',(#1608,#1609,#1610,#1611));
#692=EDGE_LOOP('',(#1612,#1613,#1614,#1615));
#693=EDGE_LOOP('',(#1616,#1617,#1618,#1619,#1620,#1621));
#694=EDGE_LOOP('',(#1622,#1623,#1624,#1625));
#695=EDGE_LOOP('',(#1626));
#696=EDGE_LOOP('',(#1627));
#697=EDGE_LOOP('',(#1628));
#698=EDGE_LOOP('',(#1629));
#699=EDGE_LOOP('',(#1630,#1631,#1632,#1633));
#700=EDGE_LOOP('',(#1634));
#701=EDGE_LOOP('',(#1635,#1636,#1637,#1638,#1639));
#702=EDGE_LOOP('',(#1640,#1641,#1642,#1643));
#703=EDGE_LOOP('',(#1644,#1645,#1646,#1647));
#704=EDGE_LOOP('',(#1648,#1649,#1650,#1651));
#705=EDGE_LOOP('',(#1652,#1653,#1654,#1655));
#706=EDGE_LOOP('',(#1656,#1657,#1658,#1659));
#707=EDGE_LOOP('',(#1660,#1661,#1662,#1663));
#708=EDGE_LOOP('',(#1664,#1665,#1666,#1667));
#709=EDGE_LOOP('',(#1668,#1669,#1670,#1671));
#710=EDGE_LOOP('',(#1672,#1673,#1674,#1675));
#711=EDGE_LOOP('',(#1676,#1677,#1678,#1679));
#712=EDGE_LOOP('',(#1680,#1681,#1682,#1683));
#713=EDGE_LOOP('',(#1684,#1685,#1686,#1687,#1688,#1689,#1690,#1691));
#714=EDGE_LOOP('',(#1692,#1693,#1694,#1695));
#715=EDGE_LOOP('',(#1696,#1697,#1698,#1699));
#716=EDGE_LOOP('',(#1700,#1701,#1702,#1703));
#717=EDGE_LOOP('',(#1704,#1705,#1706,#1707));
#718=EDGE_LOOP('',(#1708,#1709,#1710,#1711,#1712,#1713));
#719=EDGE_LOOP('',(#1714,#1715,#1716,#1717,#1718));
#720=EDGE_LOOP('',(#1719,#1720,#1721,#1722));
#721=EDGE_LOOP('',(#1723,#1724,#1725,#1726,#1727));
#722=EDGE_LOOP('',(#1728,#1729,#1730,#1731));
#723=CIRCLE('',#1867,2.5);
#724=CIRCLE('',#1868,2.5);
#725=CIRCLE('',#1869,2.5);
#726=CIRCLE('',#1871,2.5);
#727=CIRCLE('',#1872,2.5);
#728=CIRCLE('',#1873,2.5);
#729=CIRCLE('',#1876,2.5);
#730=CIRCLE('',#1877,2.5);
#731=CIRCLE('',#1878,2.5);
#732=CIRCLE('',#1881,2.5);
#733=CIRCLE('',#1883,2.5);
#734=CIRCLE('',#1884,2.5);
#735=CIRCLE('',#1885,2.5);
#736=CIRCLE('',#1889,2.5);
#737=CIRCLE('',#1891,2.5);
#738=CIRCLE('',#1893,2.5);
#739=CIRCLE('',#1898,1.25);
#740=CIRCLE('',#1899,1.25);
#741=CIRCLE('',#1900,1.25);
#742=CIRCLE('',#1901,1.25);
#743=CIRCLE('',#1907,1.25);
#744=CIRCLE('',#1908,1.25);
#745=CIRCLE('',#1909,1.25);
#746=CIRCLE('',#1910,1.25);
#747=CIRCLE('',#1919,1.00000001490116);
#748=CIRCLE('',#1927,5.00000000000002);
#749=CIRCLE('',#1928,5.);
#750=CIRCLE('',#1929,1.25);
#751=CIRCLE('',#1930,1.25);
#752=CIRCLE('',#1931,1.25);
#753=CIRCLE('',#1932,1.25);
#754=CIRCLE('',#1934,1.00000001490116);
#755=CIRCLE('',#1938,2.50000000000001);
#756=CIRCLE('',#1939,2.5);
#757=CIRCLE('',#1941,2.5);
#758=CIRCLE('',#1942,2.5);
#759=CIRCLE('',#1943,2.50000000000001);
#760=CIRCLE('',#1945,2.5);
#761=CIRCLE('',#1947,2.5);
#762=CIRCLE('',#1948,5.);
#763=CIRCLE('',#1950,2.5);
#764=CIRCLE('',#1952,2.5);
#765=CIRCLE('',#1953,2.5);
#766=CIRCLE('',#1954,2.50000000000001);
#767=CIRCLE('',#1956,2.5);
#768=CIRCLE('',#1957,2.5);
#769=CIRCLE('',#1958,5.);
#770=CIRCLE('',#1962,2.50000000000001);
#771=CIRCLE('',#1964,2.50000000000001);
#772=CIRCLE('',#1966,2.50000000000001);
#773=CIRCLE('',#1968,2.5);
#774=CIRCLE('',#1971,3.42500000000002);
#775=CIRCLE('',#1972,3.42500000000002);
#776=CIRCLE('',#1974,2.5);
#777=CIRCLE('',#1975,2.5);
#778=CIRCLE('',#1978,2.5);
#779=CIRCLE('',#1979,2.5);
#780=CIRCLE('',#1980,2.50000000000002);
#781=CIRCLE('',#1982,2.5);
#782=CIRCLE('',#1983,2.5);
#783=CIRCLE('',#1984,2.50000000000002);
#784=CIRCLE('',#1986,2.5);
#785=CIRCLE('',#1987,2.5);
#786=CIRCLE('',#1988,2.5);
#787=CIRCLE('',#1990,2.5);
#788=CIRCLE('',#1991,2.5);
#789=CIRCLE('',#1992,2.49999999999998);
#790=CIRCLE('',#1995,2.5);
#791=CIRCLE('',#1997,2.5);
#792=CIRCLE('',#1998,2.5);
#793=CIRCLE('',#1999,2.50000000000002);
#794=CIRCLE('',#2005,2.5);
#795=CIRCLE('',#2008,2.5);
#796=CIRCLE('',#2011,2.5);
#797=CIRCLE('',#2025,1.25);
#798=CIRCLE('',#2026,1.25);
#799=CIRCLE('',#2027,1.25);
#800=CIRCLE('',#2028,1.25);
#801=CIRCLE('',#2030,3.42500000000002);
#802=VERTEX_POINT('',#2604);
#803=VERTEX_POINT('',#2605);
#804=VERTEX_POINT('',#2607);
#805=VERTEX_POINT('',#2611);
#806=VERTEX_POINT('',#2612);
#807=VERTEX_POINT('',#2614);
#808=VERTEX_POINT('',#2621);
#809=VERTEX_POINT('',#2622);
#810=VERTEX_POINT('',#2624);
#811=VERTEX_POINT('',#2631);
#812=VERTEX_POINT('',#2632);
#813=VERTEX_POINT('',#2637);
#814=VERTEX_POINT('',#2638);
#815=VERTEX_POINT('',#2640);
#816=VERTEX_POINT('',#2650);
#817=VERTEX_POINT('',#2651);
#818=VERTEX_POINT('',#2656);
#819=VERTEX_POINT('',#2657);
#820=VERTEX_POINT('',#2662);
#821=VERTEX_POINT('',#2663);
#822=VERTEX_POINT('',#2673);
#823=VERTEX_POINT('',#2674);
#824=VERTEX_POINT('',#2676);
#825=VERTEX_POINT('',#2678);
#826=VERTEX_POINT('',#2683);
#827=VERTEX_POINT('',#2685);
#828=VERTEX_POINT('',#2687);
#829=VERTEX_POINT('',#2689);
#830=VERTEX_POINT('',#2694);
#831=VERTEX_POINT('',#2696);
#832=VERTEX_POINT('',#2700);
#833=VERTEX_POINT('',#2704);
#834=VERTEX_POINT('',#2707);
#835=VERTEX_POINT('',#2709);
#836=VERTEX_POINT('',#2711);
#837=VERTEX_POINT('',#2713);
#838=VERTEX_POINT('',#2727);
#839=VERTEX_POINT('',#2728);
#840=VERTEX_POINT('',#2730);
#841=VERTEX_POINT('',#2732);
#842=VERTEX_POINT('',#2736);
#843=VERTEX_POINT('',#2738);
#844=VERTEX_POINT('',#2740);
#845=VERTEX_POINT('',#2742);
#846=VERTEX_POINT('',#2744);
#847=VERTEX_POINT('',#2746);
#848=VERTEX_POINT('',#2748);
#849=VERTEX_POINT('',#2750);
#850=VERTEX_POINT('',#2752);
#851=VERTEX_POINT('',#2754);
#852=VERTEX_POINT('',#2756);
#853=VERTEX_POINT('',#2758);
#854=VERTEX_POINT('',#2762);
#855=VERTEX_POINT('',#2763);
#856=VERTEX_POINT('',#2765);
#857=VERTEX_POINT('',#2767);
#858=VERTEX_POINT('',#2771);
#859=VERTEX_POINT('',#2773);
#860=VERTEX_POINT('',#2777);
#861=VERTEX_POINT('',#2779);
#862=VERTEX_POINT('',#2786);
#863=VERTEX_POINT('',#2788);
#864=VERTEX_POINT('',#2792);
#865=VERTEX_POINT('',#2796);
#866=VERTEX_POINT('',#2797);
#867=VERTEX_POINT('',#2799);
#868=VERTEX_POINT('',#2801);
#869=VERTEX_POINT('',#2803);
#870=VERTEX_POINT('',#2805);
#871=VERTEX_POINT('',#2807);
#872=VERTEX_POINT('',#2809);
#873=VERTEX_POINT('',#2811);
#874=VERTEX_POINT('',#2813);
#875=VERTEX_POINT('',#2816);
#876=VERTEX_POINT('',#2818);
#877=VERTEX_POINT('',#2820);
#878=VERTEX_POINT('',#2822);
#879=VERTEX_POINT('',#2825);
#880=VERTEX_POINT('',#2827);
#881=VERTEX_POINT('',#2831);
#882=VERTEX_POINT('',#2836);
#883=VERTEX_POINT('',#2838);
#884=VERTEX_POINT('',#2840);
#885=VERTEX_POINT('',#2842);
#886=VERTEX_POINT('',#2844);
#887=VERTEX_POINT('',#2846);
#888=VERTEX_POINT('',#2848);
#889=VERTEX_POINT('',#2850);
#890=VERTEX_POINT('',#2852);
#891=VERTEX_POINT('',#2856);
#892=VERTEX_POINT('',#2858);
#893=VERTEX_POINT('',#2862);
#894=VERTEX_POINT('',#2863);
#895=VERTEX_POINT('',#2865);
#896=VERTEX_POINT('',#2869);
#897=VERTEX_POINT('',#2870);
#898=VERTEX_POINT('',#2875);
#899=VERTEX_POINT('',#2876);
#900=VERTEX_POINT('',#2890);
#901=VERTEX_POINT('',#2895);
#902=VERTEX_POINT('',#2896);
#903=VERTEX_POINT('',#2898);
#904=VERTEX_POINT('',#2902);
#905=VERTEX_POINT('',#2903);
#906=VERTEX_POINT('',#2905);
#907=VERTEX_POINT('',#2907);
#908=VERTEX_POINT('',#2923);
#909=VERTEX_POINT('',#2924);
#910=VERTEX_POINT('',#2940);
#911=VERTEX_POINT('',#2949);
#912=VERTEX_POINT('',#2951);
#913=VERTEX_POINT('',#2957);
#914=VERTEX_POINT('',#2966);
#915=VERTEX_POINT('',#2967);
#916=VERTEX_POINT('',#2972);
#917=VERTEX_POINT('',#2973);
#918=VERTEX_POINT('',#2978);
#919=VERTEX_POINT('',#2983);
#920=VERTEX_POINT('',#2989);
#921=VERTEX_POINT('',#2993);
#922=VERTEX_POINT('',#2994);
#923=VERTEX_POINT('',#3008);
#924=VERTEX_POINT('',#3014);
#925=VERTEX_POINT('',#3015);
#926=VERTEX_POINT('',#3022);
#927=VERTEX_POINT('',#3023);
#928=VERTEX_POINT('',#3034);
#929=VERTEX_POINT('',#3036);
#930=VERTEX_POINT('',#3048);
#931=VERTEX_POINT('',#3049);
#932=VERTEX_POINT('',#3051);
#933=VERTEX_POINT('',#3053);
#934=VERTEX_POINT('',#3055);
#935=VERTEX_POINT('',#3059);
#936=VERTEX_POINT('',#3061);
#937=VERTEX_POINT('',#3065);
#938=VERTEX_POINT('',#3069);
#939=VERTEX_POINT('',#3071);
#940=VERTEX_POINT('',#3075);
#941=VERTEX_POINT('',#3077);
#942=VERTEX_POINT('',#3079);
#943=VERTEX_POINT('',#3081);
#944=VERTEX_POINT('',#3085);
#945=VERTEX_POINT('',#3087);
#946=VERTEX_POINT('',#3089);
#947=VERTEX_POINT('',#3091);
#948=VERTEX_POINT('',#3094);
#949=VERTEX_POINT('',#3095);
#950=VERTEX_POINT('',#3097);
#951=VERTEX_POINT('',#3099);
#952=VERTEX_POINT('',#3102);
#953=VERTEX_POINT('',#3107);
#954=VERTEX_POINT('',#3109);
#955=VERTEX_POINT('',#3113);
#956=VERTEX_POINT('',#3115);
#957=VERTEX_POINT('',#3131);
#958=EDGE_CURVE('',#802,#803,#723,.F.);
#959=EDGE_CURVE('',#804,#802,#724,.F.);
#960=EDGE_CURVE('',#803,#804,#725,.F.);
#961=EDGE_CURVE('',#805,#806,#726,.F.);
#962=EDGE_CURVE('',#807,#805,#727,.F.);
#963=EDGE_CURVE('',#806,#807,#728,.F.);
#964=EDGE_CURVE('',#802,#807,#99,.T.);
#965=EDGE_CURVE('',#805,#804,#100,.T.);
#966=EDGE_CURVE('',#808,#809,#729,.F.);
#967=EDGE_CURVE('',#810,#808,#730,.F.);
#968=EDGE_CURVE('',#809,#810,#731,.F.);
#969=EDGE_CURVE('',#808,#802,#101,.T.);
#970=EDGE_CURVE('',#803,#810,#102,.T.);
#971=EDGE_CURVE('',#811,#812,#732,.T.);
#972=EDGE_CURVE('',#812,#809,#103,.T.);
#973=EDGE_CURVE('',#810,#811,#104,.T.);
#974=EDGE_CURVE('',#813,#814,#733,.F.);
#975=EDGE_CURVE('',#815,#813,#734,.F.);
#976=EDGE_CURVE('',#814,#815,#735,.F.);
#977=EDGE_CURVE('',#813,#806,#105,.T.);
#978=EDGE_CURVE('',#807,#815,#106,.T.);
#979=EDGE_CURVE('',#809,#814,#107,.T.);
#980=EDGE_CURVE('',#815,#808,#108,.T.);
#981=EDGE_CURVE('',#816,#817,#736,.T.);
#982=EDGE_CURVE('',#817,#813,#109,.T.);
#983=EDGE_CURVE('',#814,#816,#110,.T.);
#984=EDGE_CURVE('',#818,#819,#737,.T.);
#985=EDGE_CURVE('',#819,#805,#111,.T.);
#986=EDGE_CURVE('',#806,#818,#112,.T.);
#987=EDGE_CURVE('',#820,#821,#738,.T.);
#988=EDGE_CURVE('',#821,#803,#113,.T.);
#989=EDGE_CURVE('',#804,#820,#114,.T.);
#990=EDGE_CURVE('',#820,#819,#115,.T.);
#991=EDGE_CURVE('',#818,#817,#116,.T.);
#992=EDGE_CURVE('',#812,#816,#117,.T.);
#993=EDGE_CURVE('',#821,#811,#118,.T.);
#994=EDGE_CURVE('',#822,#823,#119,.T.);
#995=EDGE_CURVE('',#823,#824,#120,.T.);
#996=EDGE_CURVE('',#824,#825,#121,.T.);
#997=EDGE_CURVE('',#825,#822,#122,.T.);
#998=EDGE_CURVE('',#826,#826,#739,.T.);
#999=EDGE_CURVE('',#827,#827,#740,.T.);
#1000=EDGE_CURVE('',#828,#828,#741,.T.);
#1001=EDGE_CURVE('',#829,#829,#742,.T.);
#1002=EDGE_CURVE('',#830,#825,#123,.T.);
#1003=EDGE_CURVE('',#830,#831,#124,.T.);
#1004=EDGE_CURVE('',#831,#822,#125,.T.);
#1005=EDGE_CURVE('',#832,#824,#126,.T.);
#1006=EDGE_CURVE('',#832,#830,#127,.T.);
#1007=EDGE_CURVE('',#831,#833,#128,.T.);
#1008=EDGE_CURVE('',#833,#832,#129,.T.);
#1009=EDGE_CURVE('',#834,#834,#743,.T.);
#1010=EDGE_CURVE('',#835,#835,#744,.T.);
#1011=EDGE_CURVE('',#836,#836,#745,.T.);
#1012=EDGE_CURVE('',#837,#837,#746,.T.);
#1013=EDGE_CURVE('',#834,#829,#130,.T.);
#1014=EDGE_CURVE('',#835,#828,#131,.T.);
#1015=EDGE_CURVE('',#836,#827,#132,.T.);
#1016=EDGE_CURVE('',#837,#826,#133,.T.);
#1017=EDGE_CURVE('',#833,#823,#134,.T.);
#1018=EDGE_CURVE('',#838,#839,#135,.T.);
#1019=EDGE_CURVE('',#840,#838,#136,.T.);
#1020=EDGE_CURVE('',#841,#840,#137,.T.);
#1021=EDGE_CURVE('',#839,#841,#138,.T.);
#1022=EDGE_CURVE('',#842,#839,#139,.T.);
#1023=EDGE_CURVE('',#841,#843,#140,.T.);
#1024=EDGE_CURVE('',#843,#844,#141,.T.);
#1025=EDGE_CURVE('',#845,#844,#142,.T.);
#1026=EDGE_CURVE('',#846,#845,#143,.T.);
#1027=EDGE_CURVE('',#847,#846,#144,.T.);
#1028=EDGE_CURVE('',#848,#847,#145,.T.);
#1029=EDGE_CURVE('',#848,#849,#146,.T.);
#1030=EDGE_CURVE('',#849,#850,#147,.T.);
#1031=EDGE_CURVE('',#850,#851,#148,.T.);
#1032=EDGE_CURVE('',#851,#852,#149,.T.);
#1033=EDGE_CURVE('',#852,#853,#747,.T.);
#1034=EDGE_CURVE('',#853,#842,#150,.T.);
#1035=EDGE_CURVE('',#854,#855,#151,.T.);
#1036=EDGE_CURVE('',#855,#856,#152,.T.);
#1037=EDGE_CURVE('',#856,#857,#153,.T.);
#1038=EDGE_CURVE('',#854,#857,#154,.T.);
#1039=EDGE_CURVE('',#855,#858,#155,.T.);
#1040=EDGE_CURVE('',#858,#859,#156,.T.);
#1041=EDGE_CURVE('',#859,#856,#157,.T.);
#1042=EDGE_CURVE('',#858,#860,#158,.T.);
#1043=EDGE_CURVE('',#860,#861,#159,.T.);
#1044=EDGE_CURVE('',#861,#859,#160,.T.);
#1045=EDGE_CURVE('',#857,#861,#161,.T.);
#1046=EDGE_CURVE('',#860,#854,#162,.T.);
#1047=EDGE_CURVE('',#857,#862,#163,.T.);
#1048=EDGE_CURVE('',#862,#863,#164,.T.);
#1049=EDGE_CURVE('',#863,#861,#165,.T.);
#1050=EDGE_CURVE('',#864,#856,#166,.T.);
#1051=EDGE_CURVE('',#864,#862,#167,.T.);
#1052=EDGE_CURVE('',#865,#866,#168,.T.);
#1053=EDGE_CURVE('',#867,#865,#169,.T.);
#1054=EDGE_CURVE('',#868,#867,#748,.T.);
#1055=EDGE_CURVE('',#869,#868,#170,.T.);
#1056=EDGE_CURVE('',#870,#869,#171,.T.);
#1057=EDGE_CURVE('',#871,#870,#172,.T.);
#1058=EDGE_CURVE('',#872,#871,#173,.T.);
#1059=EDGE_CURVE('',#873,#872,#174,.T.);
#1060=EDGE_CURVE('',#874,#873,#749,.T.);
#1061=EDGE_CURVE('',#866,#874,#175,.T.);
#1062=EDGE_CURVE('',#875,#875,#750,.T.);
#1063=EDGE_CURVE('',#876,#876,#751,.T.);
#1064=EDGE_CURVE('',#877,#877,#752,.T.);
#1065=EDGE_CURVE('',#878,#878,#753,.T.);
#1066=EDGE_CURVE('',#879,#852,#176,.T.);
#1067=EDGE_CURVE('',#880,#879,#754,.T.);
#1068=EDGE_CURVE('',#853,#880,#177,.T.);
#1069=EDGE_CURVE('',#881,#880,#178,.T.);
#1070=EDGE_CURVE('',#842,#881,#179,.T.);
#1071=EDGE_CURVE('',#838,#881,#180,.T.);
#1072=EDGE_CURVE('',#879,#882,#181,.T.);
#1073=EDGE_CURVE('',#882,#883,#182,.T.);
#1074=EDGE_CURVE('',#884,#883,#183,.T.);
#1075=EDGE_CURVE('',#884,#885,#184,.T.);
#1076=EDGE_CURVE('',#885,#886,#185,.T.);
#1077=EDGE_CURVE('',#886,#887,#186,.T.);
#1078=EDGE_CURVE('',#887,#888,#187,.T.);
#1079=EDGE_CURVE('',#889,#888,#188,.T.);
#1080=EDGE_CURVE('',#889,#890,#189,.T.);
#1081=EDGE_CURVE('',#840,#890,#190,.T.);
#1082=EDGE_CURVE('',#891,#865,#755,.T.);
#1083=EDGE_CURVE('',#866,#892,#756,.T.);
#1084=EDGE_CURVE('',#892,#891,#191,.T.);
#1085=EDGE_CURVE('',#893,#894,#757,.F.);
#1086=EDGE_CURVE('',#895,#893,#758,.F.);
#1087=EDGE_CURVE('',#894,#895,#759,.F.);
#1088=EDGE_CURVE('',#896,#897,#760,.T.);
#1089=EDGE_CURVE('',#897,#895,#192,.T.);
#1090=EDGE_CURVE('',#893,#896,#193,.T.);
#1091=EDGE_CURVE('',#898,#899,#13,.F.);
#1092=EDGE_CURVE('',#899,#897,#761,.T.);
#1093=EDGE_CURVE('',#896,#898,#762,.T.);
#1094=EDGE_CURVE('',#900,#891,#763,.T.);
#1095=EDGE_CURVE('',#891,#894,#194,.T.);
#1096=EDGE_CURVE('',#895,#900,#195,.T.);
#1097=EDGE_CURVE('',#901,#902,#764,.F.);
#1098=EDGE_CURVE('',#903,#901,#765,.F.);
#1099=EDGE_CURVE('',#902,#903,#766,.F.);
#1100=EDGE_CURVE('',#904,#905,#767,.T.);
#1101=EDGE_CURVE('',#905,#906,#768,.T.);
#1102=EDGE_CURVE('',#906,#907,#14,.F.);
#1103=EDGE_CURVE('',#907,#904,#769,.T.);
#1104=EDGE_CURVE('',#901,#905,#196,.T.);
#1105=EDGE_CURVE('',#904,#903,#197,.T.);
#1106=EDGE_CURVE('',#908,#909,#15,.T.);
#1107=EDGE_CURVE('',#909,#902,#198,.T.);
#1108=EDGE_CURVE('',#903,#893,#199,.T.);
#1109=EDGE_CURVE('',#894,#908,#200,.T.);
#1110=EDGE_CURVE('',#892,#910,#770,.T.);
#1111=EDGE_CURVE('',#910,#901,#201,.T.);
#1112=EDGE_CURVE('',#902,#892,#202,.T.);
#1113=EDGE_CURVE('',#866,#910,#771,.T.);
#1114=EDGE_CURVE('',#900,#865,#772,.T.);
#1115=EDGE_CURVE('',#899,#911,#203,.T.);
#1116=EDGE_CURVE('',#911,#912,#773,.F.);
#1117=EDGE_CURVE('',#912,#897,#204,.T.);
#1118=EDGE_CURVE('',#907,#898,#205,.T.);
#1119=EDGE_CURVE('',#909,#913,#774,.T.);
#1120=EDGE_CURVE('',#913,#908,#775,.T.);
#1121=EDGE_CURVE('',#912,#867,#776,.T.);
#1122=EDGE_CURVE('',#868,#911,#777,.T.);
#1123=EDGE_CURVE('',#900,#912,#206,.T.);
#1124=EDGE_CURVE('',#914,#915,#778,.F.);
#1125=EDGE_CURVE('',#869,#914,#779,.F.);
#1126=EDGE_CURVE('',#915,#869,#780,.F.);
#1127=EDGE_CURVE('',#916,#917,#781,.F.);
#1128=EDGE_CURVE('',#870,#916,#782,.F.);
#1129=EDGE_CURVE('',#917,#870,#783,.F.);
#1130=EDGE_CURVE('',#846,#918,#784,.F.);
#1131=EDGE_CURVE('',#871,#846,#785,.F.);
#1132=EDGE_CURVE('',#918,#871,#786,.F.);
#1133=EDGE_CURVE('',#872,#919,#787,.F.);
#1134=EDGE_CURVE('',#845,#872,#788,.F.);
#1135=EDGE_CURVE('',#919,#845,#789,.F.);
#1136=EDGE_CURVE('',#844,#920,#790,.T.);
#1137=EDGE_CURVE('',#920,#919,#207,.T.);
#1138=EDGE_CURVE('',#921,#922,#791,.F.);
#1139=EDGE_CURVE('',#874,#921,#792,.T.);
#1140=EDGE_CURVE('',#922,#873,#793,.T.);
#1141=EDGE_CURVE('',#921,#910,#208,.T.);
#1142=EDGE_CURVE('',#919,#922,#209,.T.);
#1143=EDGE_CURVE('',#905,#921,#210,.T.);
#1144=EDGE_CURVE('',#922,#906,#211,.T.);
#1145=EDGE_CURVE('',#916,#918,#212,.T.);
#1146=EDGE_CURVE('',#923,#847,#794,.T.);
#1147=EDGE_CURVE('',#918,#923,#213,.T.);
#1148=EDGE_CURVE('',#914,#917,#214,.T.);
#1149=EDGE_CURVE('',#924,#925,#795,.T.);
#1150=EDGE_CURVE('',#925,#916,#215,.T.);
#1151=EDGE_CURVE('',#917,#924,#216,.T.);
#1152=EDGE_CURVE('',#911,#915,#217,.T.);
#1153=EDGE_CURVE('',#926,#927,#796,.T.);
#1154=EDGE_CURVE('',#927,#914,#218,.T.);
#1155=EDGE_CURVE('',#915,#926,#219,.T.);
#1156=EDGE_CURVE('',#920,#926,#220,.T.);
#1157=EDGE_CURVE('',#923,#925,#221,.T.);
#1158=EDGE_CURVE('',#890,#843,#222,.T.);
#1159=EDGE_CURVE('',#928,#889,#223,.T.);
#1160=EDGE_CURVE('',#929,#928,#224,.T.);
#1161=EDGE_CURVE('',#886,#929,#225,.T.);
#1162=EDGE_CURVE('',#848,#885,#226,.T.);
#1163=EDGE_CURVE('',#924,#927,#227,.T.);
#1164=EDGE_CURVE('',#882,#851,#228,.T.);
#1165=EDGE_CURVE('',#884,#849,#229,.T.);
#1166=EDGE_CURVE('',#930,#931,#230,.T.);
#1167=EDGE_CURVE('',#932,#930,#231,.T.);
#1168=EDGE_CURVE('',#932,#933,#232,.T.);
#1169=EDGE_CURVE('',#933,#934,#233,.T.);
#1170=EDGE_CURVE('',#934,#931,#234,.T.);
#1171=EDGE_CURVE('',#931,#935,#235,.T.);
#1172=EDGE_CURVE('',#935,#936,#236,.T.);
#1173=EDGE_CURVE('',#936,#930,#237,.T.);
#1174=EDGE_CURVE('',#937,#934,#238,.T.);
#1175=EDGE_CURVE('',#935,#937,#239,.T.);
#1176=EDGE_CURVE('',#938,#932,#240,.T.);
#1177=EDGE_CURVE('',#939,#938,#241,.T.);
#1178=EDGE_CURVE('',#933,#939,#242,.T.);
#1179=EDGE_CURVE('',#940,#887,#243,.T.);
#1180=EDGE_CURVE('',#941,#940,#244,.T.);
#1181=EDGE_CURVE('',#942,#941,#245,.T.);
#1182=EDGE_CURVE('',#943,#942,#246,.T.);
#1183=EDGE_CURVE('',#888,#943,#247,.T.);
#1184=EDGE_CURVE('',#938,#936,#248,.T.);
#1185=EDGE_CURVE('',#944,#944,#797,.T.);
#1186=EDGE_CURVE('',#945,#945,#798,.T.);
#1187=EDGE_CURVE('',#946,#946,#799,.T.);
#1188=EDGE_CURVE('',#947,#947,#800,.T.);
#1189=EDGE_CURVE('',#948,#949,#249,.T.);
#1190=EDGE_CURVE('',#950,#948,#250,.T.);
#1191=EDGE_CURVE('',#951,#950,#251,.T.);
#1192=EDGE_CURVE('',#949,#951,#252,.T.);
#1193=EDGE_CURVE('',#952,#952,#801,.T.);
#1194=EDGE_CURVE('',#939,#937,#253,.T.);
#1195=EDGE_CURVE('',#953,#942,#254,.T.);
#1196=EDGE_CURVE('',#954,#953,#255,.T.);
#1197=EDGE_CURVE('',#943,#954,#256,.T.);
#1198=EDGE_CURVE('',#955,#949,#257,.T.);
#1199=EDGE_CURVE('',#951,#956,#258,.T.);
#1200=EDGE_CURVE('',#955,#956,#259,.T.);
#1201=EDGE_CURVE('',#850,#883,#260,.T.);
#1202=EDGE_CURVE('',#947,#878,#261,.T.);
#1203=EDGE_CURVE('',#945,#877,#262,.T.);
#1204=EDGE_CURVE('',#946,#876,#263,.T.);
#1205=EDGE_CURVE('',#944,#875,#264,.T.);
#1206=EDGE_CURVE('',#863,#957,#265,.T.);
#1207=EDGE_CURVE('',#859,#957,#266,.T.);
#1208=EDGE_CURVE('',#957,#864,#267,.T.);
#1209=EDGE_CURVE('',#943,#955,#268,.T.);
#1210=EDGE_CURVE('',#956,#942,#269,.T.);
#1211=EDGE_CURVE('',#928,#941,#270,.F.);
#1212=EDGE_CURVE('',#940,#929,#271,.T.);
#1213=EDGE_CURVE('',#913,#952,#272,.T.);
#1214=EDGE_CURVE('',#954,#948,#273,.F.);
#1215=EDGE_CURVE('',#953,#950,#274,.F.);
#1216=ORIENTED_EDGE('',*,*,#958,.F.);
#1217=ORIENTED_EDGE('',*,*,#959,.F.);
#1218=ORIENTED_EDGE('',*,*,#960,.F.);
#1219=ORIENTED_EDGE('',*,*,#961,.F.);
#1220=ORIENTED_EDGE('',*,*,#962,.F.);
#1221=ORIENTED_EDGE('',*,*,#963,.F.);
#1222=ORIENTED_EDGE('',*,*,#959,.T.);
#1223=ORIENTED_EDGE('',*,*,#964,.T.);
#1224=ORIENTED_EDGE('',*,*,#962,.T.);
#1225=ORIENTED_EDGE('',*,*,#965,.T.);
#1226=ORIENTED_EDGE('',*,*,#966,.F.);
#1227=ORIENTED_EDGE('',*,*,#967,.F.);
#1228=ORIENTED_EDGE('',*,*,#968,.F.);
#1229=ORIENTED_EDGE('',*,*,#967,.T.);
#1230=ORIENTED_EDGE('',*,*,#969,.T.);
#1231=ORIENTED_EDGE('',*,*,#958,.T.);
#1232=ORIENTED_EDGE('',*,*,#970,.T.);
#1233=ORIENTED_EDGE('',*,*,#971,.T.);
#1234=ORIENTED_EDGE('',*,*,#972,.T.);
#1235=ORIENTED_EDGE('',*,*,#968,.T.);
#1236=ORIENTED_EDGE('',*,*,#973,.T.);
#1237=ORIENTED_EDGE('',*,*,#974,.F.);
#1238=ORIENTED_EDGE('',*,*,#975,.F.);
#1239=ORIENTED_EDGE('',*,*,#976,.F.);
#1240=ORIENTED_EDGE('',*,*,#975,.T.);
#1241=ORIENTED_EDGE('',*,*,#977,.T.);
#1242=ORIENTED_EDGE('',*,*,#963,.T.);
#1243=ORIENTED_EDGE('',*,*,#978,.T.);
#1244=ORIENTED_EDGE('',*,*,#966,.T.);
#1245=ORIENTED_EDGE('',*,*,#979,.T.);
#1246=ORIENTED_EDGE('',*,*,#976,.T.);
#1247=ORIENTED_EDGE('',*,*,#980,.T.);
#1248=ORIENTED_EDGE('',*,*,#981,.T.);
#1249=ORIENTED_EDGE('',*,*,#982,.T.);
#1250=ORIENTED_EDGE('',*,*,#974,.T.);
#1251=ORIENTED_EDGE('',*,*,#983,.T.);
#1252=ORIENTED_EDGE('',*,*,#984,.T.);
#1253=ORIENTED_EDGE('',*,*,#985,.T.);
#1254=ORIENTED_EDGE('',*,*,#961,.T.);
#1255=ORIENTED_EDGE('',*,*,#986,.T.);
#1256=ORIENTED_EDGE('',*,*,#987,.T.);
#1257=ORIENTED_EDGE('',*,*,#988,.T.);
#1258=ORIENTED_EDGE('',*,*,#960,.T.);
#1259=ORIENTED_EDGE('',*,*,#989,.T.);
#1260=ORIENTED_EDGE('',*,*,#989,.F.);
#1261=ORIENTED_EDGE('',*,*,#965,.F.);
#1262=ORIENTED_EDGE('',*,*,#985,.F.);
#1263=ORIENTED_EDGE('',*,*,#990,.F.);
#1264=ORIENTED_EDGE('',*,*,#987,.F.);
#1265=ORIENTED_EDGE('',*,*,#990,.T.);
#1266=ORIENTED_EDGE('',*,*,#984,.F.);
#1267=ORIENTED_EDGE('',*,*,#991,.T.);
#1268=ORIENTED_EDGE('',*,*,#981,.F.);
#1269=ORIENTED_EDGE('',*,*,#992,.F.);
#1270=ORIENTED_EDGE('',*,*,#971,.F.);
#1271=ORIENTED_EDGE('',*,*,#993,.F.);
#1272=ORIENTED_EDGE('',*,*,#994,.T.);
#1273=ORIENTED_EDGE('',*,*,#995,.T.);
#1274=ORIENTED_EDGE('',*,*,#996,.T.);
#1275=ORIENTED_EDGE('',*,*,#997,.T.);
#1276=ORIENTED_EDGE('',*,*,#986,.F.);
#1277=ORIENTED_EDGE('',*,*,#977,.F.);
#1278=ORIENTED_EDGE('',*,*,#982,.F.);
#1279=ORIENTED_EDGE('',*,*,#991,.F.);
#1280=ORIENTED_EDGE('',*,*,#964,.F.);
#1281=ORIENTED_EDGE('',*,*,#969,.F.);
#1282=ORIENTED_EDGE('',*,*,#980,.F.);
#1283=ORIENTED_EDGE('',*,*,#978,.F.);
#1284=ORIENTED_EDGE('',*,*,#998,.T.);
#1285=ORIENTED_EDGE('',*,*,#999,.T.);
#1286=ORIENTED_EDGE('',*,*,#1000,.T.);
#1287=ORIENTED_EDGE('',*,*,#1001,.T.);
#1288=ORIENTED_EDGE('',*,*,#972,.F.);
#1289=ORIENTED_EDGE('',*,*,#992,.T.);
#1290=ORIENTED_EDGE('',*,*,#983,.F.);
#1291=ORIENTED_EDGE('',*,*,#979,.F.);
#1292=ORIENTED_EDGE('',*,*,#988,.F.);
#1293=ORIENTED_EDGE('',*,*,#993,.T.);
#1294=ORIENTED_EDGE('',*,*,#973,.F.);
#1295=ORIENTED_EDGE('',*,*,#970,.F.);
#1296=ORIENTED_EDGE('',*,*,#1002,.F.);
#1297=ORIENTED_EDGE('',*,*,#1003,.T.);
#1298=ORIENTED_EDGE('',*,*,#1004,.T.);
#1299=ORIENTED_EDGE('',*,*,#997,.F.);
#1300=ORIENTED_EDGE('',*,*,#1005,.F.);
#1301=ORIENTED_EDGE('',*,*,#1006,.T.);
#1302=ORIENTED_EDGE('',*,*,#1002,.T.);
#1303=ORIENTED_EDGE('',*,*,#996,.F.);
#1304=ORIENTED_EDGE('',*,*,#1007,.F.);
#1305=ORIENTED_EDGE('',*,*,#1003,.F.);
#1306=ORIENTED_EDGE('',*,*,#1006,.F.);
#1307=ORIENTED_EDGE('',*,*,#1008,.F.);
#1308=ORIENTED_EDGE('',*,*,#1009,.F.);
#1309=ORIENTED_EDGE('',*,*,#1010,.F.);
#1310=ORIENTED_EDGE('',*,*,#1011,.F.);
#1311=ORIENTED_EDGE('',*,*,#1012,.F.);
#1312=ORIENTED_EDGE('',*,*,#1009,.T.);
#1313=ORIENTED_EDGE('',*,*,#1013,.T.);
#1314=ORIENTED_EDGE('',*,*,#1001,.F.);
#1315=ORIENTED_EDGE('',*,*,#1013,.F.);
#1316=ORIENTED_EDGE('',*,*,#1010,.T.);
#1317=ORIENTED_EDGE('',*,*,#1014,.T.);
#1318=ORIENTED_EDGE('',*,*,#1000,.F.);
#1319=ORIENTED_EDGE('',*,*,#1014,.F.);
#1320=ORIENTED_EDGE('',*,*,#1011,.T.);
#1321=ORIENTED_EDGE('',*,*,#1015,.T.);
#1322=ORIENTED_EDGE('',*,*,#999,.F.);
#1323=ORIENTED_EDGE('',*,*,#1015,.F.);
#1324=ORIENTED_EDGE('',*,*,#1012,.T.);
#1325=ORIENTED_EDGE('',*,*,#1016,.T.);
#1326=ORIENTED_EDGE('',*,*,#998,.F.);
#1327=ORIENTED_EDGE('',*,*,#1016,.F.);
#1328=ORIENTED_EDGE('',*,*,#1004,.F.);
#1329=ORIENTED_EDGE('',*,*,#1007,.T.);
#1330=ORIENTED_EDGE('',*,*,#1017,.T.);
#1331=ORIENTED_EDGE('',*,*,#994,.F.);
#1332=ORIENTED_EDGE('',*,*,#1017,.F.);
#1333=ORIENTED_EDGE('',*,*,#1008,.T.);
#1334=ORIENTED_EDGE('',*,*,#1005,.T.);
#1335=ORIENTED_EDGE('',*,*,#995,.F.);
#1336=ORIENTED_EDGE('',*,*,#1018,.F.);
#1337=ORIENTED_EDGE('',*,*,#1019,.F.);
#1338=ORIENTED_EDGE('',*,*,#1020,.F.);
#1339=ORIENTED_EDGE('',*,*,#1021,.F.);
#1340=ORIENTED_EDGE('',*,*,#1022,.T.);
#1341=ORIENTED_EDGE('',*,*,#1021,.T.);
#1342=ORIENTED_EDGE('',*,*,#1023,.T.);
#1343=ORIENTED_EDGE('',*,*,#1024,.T.);
#1344=ORIENTED_EDGE('',*,*,#1025,.F.);
#1345=ORIENTED_EDGE('',*,*,#1026,.F.);
#1346=ORIENTED_EDGE('',*,*,#1027,.F.);
#1347=ORIENTED_EDGE('',*,*,#1028,.F.);
#1348=ORIENTED_EDGE('',*,*,#1029,.T.);
#1349=ORIENTED_EDGE('',*,*,#1030,.T.);
#1350=ORIENTED_EDGE('',*,*,#1031,.T.);
#1351=ORIENTED_EDGE('',*,*,#1032,.T.);
#1352=ORIENTED_EDGE('',*,*,#1033,.T.);
#1353=ORIENTED_EDGE('',*,*,#1034,.T.);
#1354=ORIENTED_EDGE('',*,*,#1035,.T.);
#1355=ORIENTED_EDGE('',*,*,#1036,.T.);
#1356=ORIENTED_EDGE('',*,*,#1037,.T.);
#1357=ORIENTED_EDGE('',*,*,#1038,.F.);
#1358=ORIENTED_EDGE('',*,*,#1039,.T.);
#1359=ORIENTED_EDGE('',*,*,#1040,.T.);
#1360=ORIENTED_EDGE('',*,*,#1041,.T.);
#1361=ORIENTED_EDGE('',*,*,#1036,.F.);
#1362=ORIENTED_EDGE('',*,*,#1042,.T.);
#1363=ORIENTED_EDGE('',*,*,#1043,.T.);
#1364=ORIENTED_EDGE('',*,*,#1044,.T.);
#1365=ORIENTED_EDGE('',*,*,#1040,.F.);
#1366=ORIENTED_EDGE('',*,*,#1045,.T.);
#1367=ORIENTED_EDGE('',*,*,#1043,.F.);
#1368=ORIENTED_EDGE('',*,*,#1046,.T.);
#1369=ORIENTED_EDGE('',*,*,#1038,.T.);
#1370=ORIENTED_EDGE('',*,*,#1045,.F.);
#1371=ORIENTED_EDGE('',*,*,#1047,.T.);
#1372=ORIENTED_EDGE('',*,*,#1048,.T.);
#1373=ORIENTED_EDGE('',*,*,#1049,.T.);
#1374=ORIENTED_EDGE('',*,*,#1037,.F.);
#1375=ORIENTED_EDGE('',*,*,#1050,.F.);
#1376=ORIENTED_EDGE('',*,*,#1051,.T.);
#1377=ORIENTED_EDGE('',*,*,#1047,.F.);
#1378=ORIENTED_EDGE('',*,*,#1052,.F.);
#1379=ORIENTED_EDGE('',*,*,#1053,.F.);
#1380=ORIENTED_EDGE('',*,*,#1054,.F.);
#1381=ORIENTED_EDGE('',*,*,#1055,.F.);
#1382=ORIENTED_EDGE('',*,*,#1056,.F.);
#1383=ORIENTED_EDGE('',*,*,#1057,.F.);
#1384=ORIENTED_EDGE('',*,*,#1058,.F.);
#1385=ORIENTED_EDGE('',*,*,#1059,.F.);
#1386=ORIENTED_EDGE('',*,*,#1060,.F.);
#1387=ORIENTED_EDGE('',*,*,#1061,.F.);
#1388=ORIENTED_EDGE('',*,*,#1062,.T.);
#1389=ORIENTED_EDGE('',*,*,#1063,.T.);
#1390=ORIENTED_EDGE('',*,*,#1064,.T.);
#1391=ORIENTED_EDGE('',*,*,#1065,.T.);
#1392=ORIENTED_EDGE('',*,*,#1035,.F.);
#1393=ORIENTED_EDGE('',*,*,#1046,.F.);
#1394=ORIENTED_EDGE('',*,*,#1042,.F.);
#1395=ORIENTED_EDGE('',*,*,#1039,.F.);
#1396=ORIENTED_EDGE('',*,*,#1033,.F.);
#1397=ORIENTED_EDGE('',*,*,#1066,.F.);
#1398=ORIENTED_EDGE('',*,*,#1067,.F.);
#1399=ORIENTED_EDGE('',*,*,#1068,.F.);
#1400=ORIENTED_EDGE('',*,*,#1068,.T.);
#1401=ORIENTED_EDGE('',*,*,#1069,.F.);
#1402=ORIENTED_EDGE('',*,*,#1070,.F.);
#1403=ORIENTED_EDGE('',*,*,#1034,.F.);
#1404=ORIENTED_EDGE('',*,*,#1071,.T.);
#1405=ORIENTED_EDGE('',*,*,#1069,.T.);
#1406=ORIENTED_EDGE('',*,*,#1067,.T.);
#1407=ORIENTED_EDGE('',*,*,#1072,.T.);
#1408=ORIENTED_EDGE('',*,*,#1073,.T.);
#1409=ORIENTED_EDGE('',*,*,#1074,.F.);
#1410=ORIENTED_EDGE('',*,*,#1075,.T.);
#1411=ORIENTED_EDGE('',*,*,#1076,.T.);
#1412=ORIENTED_EDGE('',*,*,#1077,.T.);
#1413=ORIENTED_EDGE('',*,*,#1078,.T.);
#1414=ORIENTED_EDGE('',*,*,#1079,.F.);
#1415=ORIENTED_EDGE('',*,*,#1080,.T.);
#1416=ORIENTED_EDGE('',*,*,#1081,.F.);
#1417=ORIENTED_EDGE('',*,*,#1019,.T.);
#1418=ORIENTED_EDGE('',*,*,#1082,.T.);
#1419=ORIENTED_EDGE('',*,*,#1052,.T.);
#1420=ORIENTED_EDGE('',*,*,#1083,.T.);
#1421=ORIENTED_EDGE('',*,*,#1084,.T.);
#1422=ORIENTED_EDGE('',*,*,#1085,.F.);
#1423=ORIENTED_EDGE('',*,*,#1086,.F.);
#1424=ORIENTED_EDGE('',*,*,#1087,.F.);
#1425=ORIENTED_EDGE('',*,*,#1088,.T.);
#1426=ORIENTED_EDGE('',*,*,#1089,.T.);
#1427=ORIENTED_EDGE('',*,*,#1086,.T.);
#1428=ORIENTED_EDGE('',*,*,#1090,.T.);
#1429=ORIENTED_EDGE('',*,*,#1091,.T.);
#1430=ORIENTED_EDGE('',*,*,#1092,.T.);
#1431=ORIENTED_EDGE('',*,*,#1088,.F.);
#1432=ORIENTED_EDGE('',*,*,#1093,.T.);
#1433=ORIENTED_EDGE('',*,*,#1094,.T.);
#1434=ORIENTED_EDGE('',*,*,#1095,.T.);
#1435=ORIENTED_EDGE('',*,*,#1087,.T.);
#1436=ORIENTED_EDGE('',*,*,#1096,.T.);
#1437=ORIENTED_EDGE('',*,*,#1097,.F.);
#1438=ORIENTED_EDGE('',*,*,#1098,.F.);
#1439=ORIENTED_EDGE('',*,*,#1099,.F.);
#1440=ORIENTED_EDGE('',*,*,#1100,.T.);
#1441=ORIENTED_EDGE('',*,*,#1101,.T.);
#1442=ORIENTED_EDGE('',*,*,#1102,.T.);
#1443=ORIENTED_EDGE('',*,*,#1103,.T.);
#1444=ORIENTED_EDGE('',*,*,#1098,.T.);
#1445=ORIENTED_EDGE('',*,*,#1104,.T.);
#1446=ORIENTED_EDGE('',*,*,#1100,.F.);
#1447=ORIENTED_EDGE('',*,*,#1105,.T.);
#1448=ORIENTED_EDGE('',*,*,#1106,.T.);
#1449=ORIENTED_EDGE('',*,*,#1107,.T.);
#1450=ORIENTED_EDGE('',*,*,#1099,.T.);
#1451=ORIENTED_EDGE('',*,*,#1108,.T.);
#1452=ORIENTED_EDGE('',*,*,#1085,.T.);
#1453=ORIENTED_EDGE('',*,*,#1109,.T.);
#1454=ORIENTED_EDGE('',*,*,#1110,.T.);
#1455=ORIENTED_EDGE('',*,*,#1111,.T.);
#1456=ORIENTED_EDGE('',*,*,#1097,.T.);
#1457=ORIENTED_EDGE('',*,*,#1112,.T.);
#1458=ORIENTED_EDGE('',*,*,#1110,.F.);
#1459=ORIENTED_EDGE('',*,*,#1083,.F.);
#1460=ORIENTED_EDGE('',*,*,#1113,.T.);
#1461=ORIENTED_EDGE('',*,*,#1094,.F.);
#1462=ORIENTED_EDGE('',*,*,#1114,.T.);
#1463=ORIENTED_EDGE('',*,*,#1082,.F.);
#1464=ORIENTED_EDGE('',*,*,#1092,.F.);
#1465=ORIENTED_EDGE('',*,*,#1115,.T.);
#1466=ORIENTED_EDGE('',*,*,#1116,.T.);
#1467=ORIENTED_EDGE('',*,*,#1117,.T.);
#1468=ORIENTED_EDGE('',*,*,#1093,.F.);
#1469=ORIENTED_EDGE('',*,*,#1090,.F.);
#1470=ORIENTED_EDGE('',*,*,#1108,.F.);
#1471=ORIENTED_EDGE('',*,*,#1105,.F.);
#1472=ORIENTED_EDGE('',*,*,#1103,.F.);
#1473=ORIENTED_EDGE('',*,*,#1118,.T.);
#1474=ORIENTED_EDGE('',*,*,#1109,.F.);
#1475=ORIENTED_EDGE('',*,*,#1095,.F.);
#1476=ORIENTED_EDGE('',*,*,#1084,.F.);
#1477=ORIENTED_EDGE('',*,*,#1112,.F.);
#1478=ORIENTED_EDGE('',*,*,#1107,.F.);
#1479=ORIENTED_EDGE('',*,*,#1119,.T.);
#1480=ORIENTED_EDGE('',*,*,#1120,.T.);
#1481=ORIENTED_EDGE('',*,*,#1054,.T.);
#1482=ORIENTED_EDGE('',*,*,#1121,.F.);
#1483=ORIENTED_EDGE('',*,*,#1116,.F.);
#1484=ORIENTED_EDGE('',*,*,#1122,.F.);
#1485=ORIENTED_EDGE('',*,*,#1114,.F.);
#1486=ORIENTED_EDGE('',*,*,#1123,.T.);
#1487=ORIENTED_EDGE('',*,*,#1121,.T.);
#1488=ORIENTED_EDGE('',*,*,#1053,.T.);
#1489=ORIENTED_EDGE('',*,*,#1124,.F.);
#1490=ORIENTED_EDGE('',*,*,#1125,.F.);
#1491=ORIENTED_EDGE('',*,*,#1126,.F.);
#1492=ORIENTED_EDGE('',*,*,#1127,.F.);
#1493=ORIENTED_EDGE('',*,*,#1128,.F.);
#1494=ORIENTED_EDGE('',*,*,#1129,.F.);
#1495=ORIENTED_EDGE('',*,*,#1130,.F.);
#1496=ORIENTED_EDGE('',*,*,#1131,.F.);
#1497=ORIENTED_EDGE('',*,*,#1132,.F.);
#1498=ORIENTED_EDGE('',*,*,#1133,.F.);
#1499=ORIENTED_EDGE('',*,*,#1134,.F.);
#1500=ORIENTED_EDGE('',*,*,#1135,.F.);
#1501=ORIENTED_EDGE('',*,*,#1134,.T.);
#1502=ORIENTED_EDGE('',*,*,#1058,.T.);
#1503=ORIENTED_EDGE('',*,*,#1131,.T.);
#1504=ORIENTED_EDGE('',*,*,#1026,.T.);
#1505=ORIENTED_EDGE('',*,*,#1136,.T.);
#1506=ORIENTED_EDGE('',*,*,#1137,.T.);
#1507=ORIENTED_EDGE('',*,*,#1135,.T.);
#1508=ORIENTED_EDGE('',*,*,#1025,.T.);
#1509=ORIENTED_EDGE('',*,*,#1138,.F.);
#1510=ORIENTED_EDGE('',*,*,#1139,.F.);
#1511=ORIENTED_EDGE('',*,*,#1060,.T.);
#1512=ORIENTED_EDGE('',*,*,#1140,.F.);
#1513=ORIENTED_EDGE('',*,*,#1113,.F.);
#1514=ORIENTED_EDGE('',*,*,#1061,.T.);
#1515=ORIENTED_EDGE('',*,*,#1139,.T.);
#1516=ORIENTED_EDGE('',*,*,#1141,.T.);
#1517=ORIENTED_EDGE('',*,*,#1133,.T.);
#1518=ORIENTED_EDGE('',*,*,#1142,.T.);
#1519=ORIENTED_EDGE('',*,*,#1140,.T.);
#1520=ORIENTED_EDGE('',*,*,#1059,.T.);
#1521=ORIENTED_EDGE('',*,*,#1101,.F.);
#1522=ORIENTED_EDGE('',*,*,#1143,.T.);
#1523=ORIENTED_EDGE('',*,*,#1138,.T.);
#1524=ORIENTED_EDGE('',*,*,#1144,.T.);
#1525=ORIENTED_EDGE('',*,*,#1128,.T.);
#1526=ORIENTED_EDGE('',*,*,#1145,.T.);
#1527=ORIENTED_EDGE('',*,*,#1132,.T.);
#1528=ORIENTED_EDGE('',*,*,#1057,.T.);
#1529=ORIENTED_EDGE('',*,*,#1146,.T.);
#1530=ORIENTED_EDGE('',*,*,#1027,.T.);
#1531=ORIENTED_EDGE('',*,*,#1130,.T.);
#1532=ORIENTED_EDGE('',*,*,#1147,.T.);
#1533=ORIENTED_EDGE('',*,*,#1125,.T.);
#1534=ORIENTED_EDGE('',*,*,#1148,.T.);
#1535=ORIENTED_EDGE('',*,*,#1129,.T.);
#1536=ORIENTED_EDGE('',*,*,#1056,.T.);
#1537=ORIENTED_EDGE('',*,*,#1149,.T.);
#1538=ORIENTED_EDGE('',*,*,#1150,.T.);
#1539=ORIENTED_EDGE('',*,*,#1127,.T.);
#1540=ORIENTED_EDGE('',*,*,#1151,.T.);
#1541=ORIENTED_EDGE('',*,*,#1122,.T.);
#1542=ORIENTED_EDGE('',*,*,#1152,.T.);
#1543=ORIENTED_EDGE('',*,*,#1126,.T.);
#1544=ORIENTED_EDGE('',*,*,#1055,.T.);
#1545=ORIENTED_EDGE('',*,*,#1153,.T.);
#1546=ORIENTED_EDGE('',*,*,#1154,.T.);
#1547=ORIENTED_EDGE('',*,*,#1124,.T.);
#1548=ORIENTED_EDGE('',*,*,#1155,.T.);
#1549=ORIENTED_EDGE('',*,*,#1111,.F.);
#1550=ORIENTED_EDGE('',*,*,#1141,.F.);
#1551=ORIENTED_EDGE('',*,*,#1143,.F.);
#1552=ORIENTED_EDGE('',*,*,#1104,.F.);
#1553=ORIENTED_EDGE('',*,*,#1102,.F.);
#1554=ORIENTED_EDGE('',*,*,#1144,.F.);
#1555=ORIENTED_EDGE('',*,*,#1142,.F.);
#1556=ORIENTED_EDGE('',*,*,#1137,.F.);
#1557=ORIENTED_EDGE('',*,*,#1156,.T.);
#1558=ORIENTED_EDGE('',*,*,#1155,.F.);
#1559=ORIENTED_EDGE('',*,*,#1152,.F.);
#1560=ORIENTED_EDGE('',*,*,#1115,.F.);
#1561=ORIENTED_EDGE('',*,*,#1091,.F.);
#1562=ORIENTED_EDGE('',*,*,#1118,.F.);
#1563=ORIENTED_EDGE('',*,*,#1147,.F.);
#1564=ORIENTED_EDGE('',*,*,#1145,.F.);
#1565=ORIENTED_EDGE('',*,*,#1150,.F.);
#1566=ORIENTED_EDGE('',*,*,#1157,.F.);
#1567=ORIENTED_EDGE('',*,*,#1136,.F.);
#1568=ORIENTED_EDGE('',*,*,#1024,.F.);
#1569=ORIENTED_EDGE('',*,*,#1158,.F.);
#1570=ORIENTED_EDGE('',*,*,#1080,.F.);
#1571=ORIENTED_EDGE('',*,*,#1159,.F.);
#1572=ORIENTED_EDGE('',*,*,#1160,.F.);
#1573=ORIENTED_EDGE('',*,*,#1161,.F.);
#1574=ORIENTED_EDGE('',*,*,#1076,.F.);
#1575=ORIENTED_EDGE('',*,*,#1162,.F.);
#1576=ORIENTED_EDGE('',*,*,#1028,.T.);
#1577=ORIENTED_EDGE('',*,*,#1146,.F.);
#1578=ORIENTED_EDGE('',*,*,#1157,.T.);
#1579=ORIENTED_EDGE('',*,*,#1149,.F.);
#1580=ORIENTED_EDGE('',*,*,#1163,.T.);
#1581=ORIENTED_EDGE('',*,*,#1153,.F.);
#1582=ORIENTED_EDGE('',*,*,#1156,.F.);
#1583=ORIENTED_EDGE('',*,*,#1151,.F.);
#1584=ORIENTED_EDGE('',*,*,#1148,.F.);
#1585=ORIENTED_EDGE('',*,*,#1154,.F.);
#1586=ORIENTED_EDGE('',*,*,#1163,.F.);
#1587=ORIENTED_EDGE('',*,*,#1066,.T.);
#1588=ORIENTED_EDGE('',*,*,#1032,.F.);
#1589=ORIENTED_EDGE('',*,*,#1164,.F.);
#1590=ORIENTED_EDGE('',*,*,#1072,.F.);
#1591=ORIENTED_EDGE('',*,*,#1070,.T.);
#1592=ORIENTED_EDGE('',*,*,#1071,.F.);
#1593=ORIENTED_EDGE('',*,*,#1018,.T.);
#1594=ORIENTED_EDGE('',*,*,#1022,.F.);
#1595=ORIENTED_EDGE('',*,*,#1162,.T.);
#1596=ORIENTED_EDGE('',*,*,#1075,.F.);
#1597=ORIENTED_EDGE('',*,*,#1165,.T.);
#1598=ORIENTED_EDGE('',*,*,#1029,.F.);
#1599=ORIENTED_EDGE('',*,*,#1166,.F.);
#1600=ORIENTED_EDGE('',*,*,#1167,.F.);
#1601=ORIENTED_EDGE('',*,*,#1168,.T.);
#1602=ORIENTED_EDGE('',*,*,#1169,.T.);
#1603=ORIENTED_EDGE('',*,*,#1170,.T.);
#1604=ORIENTED_EDGE('',*,*,#1171,.T.);
#1605=ORIENTED_EDGE('',*,*,#1172,.T.);
#1606=ORIENTED_EDGE('',*,*,#1173,.T.);
#1607=ORIENTED_EDGE('',*,*,#1166,.T.);
#1608=ORIENTED_EDGE('',*,*,#1170,.F.);
#1609=ORIENTED_EDGE('',*,*,#1174,.F.);
#1610=ORIENTED_EDGE('',*,*,#1175,.F.);
#1611=ORIENTED_EDGE('',*,*,#1171,.F.);
#1612=ORIENTED_EDGE('',*,*,#1176,.F.);
#1613=ORIENTED_EDGE('',*,*,#1177,.F.);
#1614=ORIENTED_EDGE('',*,*,#1178,.F.);
#1615=ORIENTED_EDGE('',*,*,#1168,.F.);
#1616=ORIENTED_EDGE('',*,*,#1179,.F.);
#1617=ORIENTED_EDGE('',*,*,#1180,.F.);
#1618=ORIENTED_EDGE('',*,*,#1181,.F.);
#1619=ORIENTED_EDGE('',*,*,#1182,.F.);
#1620=ORIENTED_EDGE('',*,*,#1183,.F.);
#1621=ORIENTED_EDGE('',*,*,#1078,.F.);
#1622=ORIENTED_EDGE('',*,*,#1184,.F.);
#1623=ORIENTED_EDGE('',*,*,#1176,.T.);
#1624=ORIENTED_EDGE('',*,*,#1167,.T.);
#1625=ORIENTED_EDGE('',*,*,#1173,.F.);
#1626=ORIENTED_EDGE('',*,*,#1185,.F.);
#1627=ORIENTED_EDGE('',*,*,#1186,.F.);
#1628=ORIENTED_EDGE('',*,*,#1187,.F.);
#1629=ORIENTED_EDGE('',*,*,#1188,.F.);
#1630=ORIENTED_EDGE('',*,*,#1189,.F.);
#1631=ORIENTED_EDGE('',*,*,#1190,.F.);
#1632=ORIENTED_EDGE('',*,*,#1191,.F.);
#1633=ORIENTED_EDGE('',*,*,#1192,.F.);
#1634=ORIENTED_EDGE('',*,*,#1193,.F.);
#1635=ORIENTED_EDGE('',*,*,#1175,.T.);
#1636=ORIENTED_EDGE('',*,*,#1194,.F.);
#1637=ORIENTED_EDGE('',*,*,#1177,.T.);
#1638=ORIENTED_EDGE('',*,*,#1184,.T.);
#1639=ORIENTED_EDGE('',*,*,#1172,.F.);
#1640=ORIENTED_EDGE('',*,*,#1182,.T.);
#1641=ORIENTED_EDGE('',*,*,#1195,.F.);
#1642=ORIENTED_EDGE('',*,*,#1196,.F.);
#1643=ORIENTED_EDGE('',*,*,#1197,.F.);
#1644=ORIENTED_EDGE('',*,*,#1198,.T.);
#1645=ORIENTED_EDGE('',*,*,#1192,.T.);
#1646=ORIENTED_EDGE('',*,*,#1199,.T.);
#1647=ORIENTED_EDGE('',*,*,#1200,.F.);
#1648=ORIENTED_EDGE('',*,*,#1165,.F.);
#1649=ORIENTED_EDGE('',*,*,#1074,.T.);
#1650=ORIENTED_EDGE('',*,*,#1201,.F.);
#1651=ORIENTED_EDGE('',*,*,#1030,.F.);
#1652=ORIENTED_EDGE('',*,*,#1188,.T.);
#1653=ORIENTED_EDGE('',*,*,#1202,.T.);
#1654=ORIENTED_EDGE('',*,*,#1065,.F.);
#1655=ORIENTED_EDGE('',*,*,#1202,.F.);
#1656=ORIENTED_EDGE('',*,*,#1186,.T.);
#1657=ORIENTED_EDGE('',*,*,#1203,.T.);
#1658=ORIENTED_EDGE('',*,*,#1064,.F.);
#1659=ORIENTED_EDGE('',*,*,#1203,.F.);
#1660=ORIENTED_EDGE('',*,*,#1187,.T.);
#1661=ORIENTED_EDGE('',*,*,#1204,.T.);
#1662=ORIENTED_EDGE('',*,*,#1063,.F.);
#1663=ORIENTED_EDGE('',*,*,#1204,.F.);
#1664=ORIENTED_EDGE('',*,*,#1185,.T.);
#1665=ORIENTED_EDGE('',*,*,#1205,.T.);
#1666=ORIENTED_EDGE('',*,*,#1062,.F.);
#1667=ORIENTED_EDGE('',*,*,#1205,.F.);
#1668=ORIENTED_EDGE('',*,*,#1158,.T.);
#1669=ORIENTED_EDGE('',*,*,#1023,.F.);
#1670=ORIENTED_EDGE('',*,*,#1020,.T.);
#1671=ORIENTED_EDGE('',*,*,#1081,.T.);
#1672=ORIENTED_EDGE('',*,*,#1164,.T.);
#1673=ORIENTED_EDGE('',*,*,#1031,.F.);
#1674=ORIENTED_EDGE('',*,*,#1201,.T.);
#1675=ORIENTED_EDGE('',*,*,#1073,.F.);
#1676=ORIENTED_EDGE('',*,*,#1044,.F.);
#1677=ORIENTED_EDGE('',*,*,#1049,.F.);
#1678=ORIENTED_EDGE('',*,*,#1206,.T.);
#1679=ORIENTED_EDGE('',*,*,#1207,.F.);
#1680=ORIENTED_EDGE('',*,*,#1041,.F.);
#1681=ORIENTED_EDGE('',*,*,#1207,.T.);
#1682=ORIENTED_EDGE('',*,*,#1208,.T.);
#1683=ORIENTED_EDGE('',*,*,#1050,.T.);
#1684=ORIENTED_EDGE('',*,*,#1159,.T.);
#1685=ORIENTED_EDGE('',*,*,#1079,.T.);
#1686=ORIENTED_EDGE('',*,*,#1183,.T.);
#1687=ORIENTED_EDGE('',*,*,#1209,.T.);
#1688=ORIENTED_EDGE('',*,*,#1200,.T.);
#1689=ORIENTED_EDGE('',*,*,#1210,.T.);
#1690=ORIENTED_EDGE('',*,*,#1181,.T.);
#1691=ORIENTED_EDGE('',*,*,#1211,.F.);
#1692=ORIENTED_EDGE('',*,*,#1161,.T.);
#1693=ORIENTED_EDGE('',*,*,#1212,.F.);
#1694=ORIENTED_EDGE('',*,*,#1179,.T.);
#1695=ORIENTED_EDGE('',*,*,#1077,.F.);
#1696=ORIENTED_EDGE('',*,*,#1160,.T.);
#1697=ORIENTED_EDGE('',*,*,#1211,.T.);
#1698=ORIENTED_EDGE('',*,*,#1180,.T.);
#1699=ORIENTED_EDGE('',*,*,#1212,.T.);
#1700=ORIENTED_EDGE('',*,*,#1194,.T.);
#1701=ORIENTED_EDGE('',*,*,#1174,.T.);
#1702=ORIENTED_EDGE('',*,*,#1169,.F.);
#1703=ORIENTED_EDGE('',*,*,#1178,.T.);
#1704=ORIENTED_EDGE('',*,*,#1051,.F.);
#1705=ORIENTED_EDGE('',*,*,#1208,.F.);
#1706=ORIENTED_EDGE('',*,*,#1206,.F.);
#1707=ORIENTED_EDGE('',*,*,#1048,.F.);
#1708=ORIENTED_EDGE('',*,*,#1106,.F.);
#1709=ORIENTED_EDGE('',*,*,#1120,.F.);
#1710=ORIENTED_EDGE('',*,*,#1213,.T.);
#1711=ORIENTED_EDGE('',*,*,#1193,.T.);
#1712=ORIENTED_EDGE('',*,*,#1213,.F.);
#1713=ORIENTED_EDGE('',*,*,#1119,.F.);
#1714=ORIENTED_EDGE('',*,*,#1214,.T.);
#1715=ORIENTED_EDGE('',*,*,#1189,.T.);
#1716=ORIENTED_EDGE('',*,*,#1198,.F.);
#1717=ORIENTED_EDGE('',*,*,#1209,.F.);
#1718=ORIENTED_EDGE('',*,*,#1197,.T.);
#1719=ORIENTED_EDGE('',*,*,#1215,.T.);
#1720=ORIENTED_EDGE('',*,*,#1190,.T.);
#1721=ORIENTED_EDGE('',*,*,#1214,.F.);
#1722=ORIENTED_EDGE('',*,*,#1196,.T.);
#1723=ORIENTED_EDGE('',*,*,#1199,.F.);
#1724=ORIENTED_EDGE('',*,*,#1191,.T.);
#1725=ORIENTED_EDGE('',*,*,#1215,.F.);
#1726=ORIENTED_EDGE('',*,*,#1195,.T.);
#1727=ORIENTED_EDGE('',*,*,#1210,.F.);
#1728=ORIENTED_EDGE('',*,*,#1089,.F.);
#1729=ORIENTED_EDGE('',*,*,#1117,.F.);
#1730=ORIENTED_EDGE('',*,*,#1123,.F.);
#1731=ORIENTED_EDGE('',*,*,#1096,.F.);
#1732=SPHERICAL_SURFACE('',#1866,2.5);
#1733=SPHERICAL_SURFACE('',#1870,2.5);
#1734=SPHERICAL_SURFACE('',#1875,2.5);
#1735=SPHERICAL_SURFACE('',#1882,2.5);
#1736=SPHERICAL_SURFACE('',#1940,2.5);
#1737=SPHERICAL_SURFACE('',#1951,2.5);
#1738=SPHERICAL_SURFACE('',#1963,2.5);
#1739=SPHERICAL_SURFACE('',#1965,2.5);
#1740=SPHERICAL_SURFACE('',#1977,2.5);
#1741=SPHERICAL_SURFACE('',#1981,2.5);
#1742=SPHERICAL_SURFACE('',#1985,2.5);
#1743=SPHERICAL_SURFACE('',#1989,2.5);
#1744=ADVANCED_FACE('',(#488),#1732,.T.);
#1745=ADVANCED_FACE('',(#489),#1733,.T.);
#1746=ADVANCED_FACE('',(#490),#451,.T.);
#1747=ADVANCED_FACE('',(#491),#1734,.T.);
#1748=ADVANCED_FACE('',(#492),#452,.T.);
#1749=ADVANCED_FACE('',(#493),#453,.T.);
#1750=ADVANCED_FACE('',(#494),#1735,.T.);
#1751=ADVANCED_FACE('',(#495),#454,.T.);
#1752=ADVANCED_FACE('',(#496),#455,.T.);
#1753=ADVANCED_FACE('',(#497),#456,.T.);
#1754=ADVANCED_FACE('',(#498),#457,.T.);
#1755=ADVANCED_FACE('',(#499),#458,.T.);
#1756=ADVANCED_FACE('',(#500),#45,.T.);
#1757=ADVANCED_FACE('',(#501,#24),#46,.T.);
#1758=ADVANCED_FACE('',(#502),#47,.T.);
#1759=ADVANCED_FACE('',(#503,#25,#26,#27,#28),#48,.T.);
#1760=ADVANCED_FACE('',(#504),#49,.T.);
#1761=ADVANCED_FACE('',(#505),#50,.T.);
#1762=ADVANCED_FACE('',(#506),#51,.F.);
#1763=ADVANCED_FACE('',(#507),#52,.F.);
#1764=ADVANCED_FACE('',(#508,#29,#30,#31,#32),#53,.F.);
#1765=ADVANCED_FACE('',(#509),#459,.F.);
#1766=ADVANCED_FACE('',(#510),#460,.F.);
#1767=ADVANCED_FACE('',(#511),#461,.F.);
#1768=ADVANCED_FACE('',(#512),#462,.F.);
#1769=ADVANCED_FACE('',(#513),#54,.F.);
#1770=ADVANCED_FACE('',(#514),#55,.F.);
#1771=ADVANCED_FACE('',(#515),#56,.F.);
#1772=ADVANCED_FACE('',(#516),#57,.T.);
#1773=ADVANCED_FACE('',(#517),#58,.T.);
#1774=ADVANCED_FACE('',(#518),#59,.T.);
#1775=ADVANCED_FACE('',(#519),#60,.T.);
#1776=ADVANCED_FACE('',(#520),#61,.T.);
#1777=ADVANCED_FACE('',(#521),#62,.T.);
#1778=ADVANCED_FACE('',(#522),#63,.T.);
#1779=ADVANCED_FACE('',(#523,#33,#34,#35,#36,#37),#64,.T.);
#1780=ADVANCED_FACE('',(#524),#463,.F.);
#1781=ADVANCED_FACE('',(#525),#65,.F.);
#1782=ADVANCED_FACE('',(#526),#66,.F.);
#1783=ADVANCED_FACE('',(#527),#464,.T.);
#1784=ADVANCED_FACE('',(#528),#1736,.T.);
#1785=ADVANCED_FACE('',(#529),#465,.T.);
#1786=ADVANCED_FACE('',(#530),#16,.T.);
#1787=ADVANCED_FACE('',(#531),#466,.T.);
#1788=ADVANCED_FACE('',(#532),#1737,.T.);
#1789=ADVANCED_FACE('',(#533),#17,.T.);
#1790=ADVANCED_FACE('',(#534),#467,.T.);
#1791=ADVANCED_FACE('',(#535),#468,.T.);
#1792=ADVANCED_FACE('',(#536),#469,.T.);
#1793=ADVANCED_FACE('',(#537),#1738,.T.);
#1794=ADVANCED_FACE('',(#538),#1739,.T.);
#1795=ADVANCED_FACE('',(#539),#470,.F.);
#1796=ADVANCED_FACE('',(#540),#67,.T.);
#1797=ADVANCED_FACE('',(#541),#68,.T.);
#1798=ADVANCED_FACE('',(#542),#18,.T.);
#1799=ADVANCED_FACE('',(#543),#471,.T.);
#1800=ADVANCED_FACE('',(#544),#1740,.T.);
#1801=ADVANCED_FACE('',(#545),#1741,.T.);
#1802=ADVANCED_FACE('',(#546),#1742,.T.);
#1803=ADVANCED_FACE('',(#547),#1743,.T.);
#1804=ADVANCED_FACE('',(#548),#472,.T.);
#1805=ADVANCED_FACE('',(#549),#473,.T.);
#1806=ADVANCED_FACE('',(#550),#19,.T.);
#1807=ADVANCED_FACE('',(#551),#474,.T.);
#1808=ADVANCED_FACE('',(#552),#475,.T.);
#1809=ADVANCED_FACE('',(#553),#476,.F.);
#1810=ADVANCED_FACE('',(#554),#477,.T.);
#1811=ADVANCED_FACE('',(#555),#478,.T.);
#1812=ADVANCED_FACE('',(#556),#479,.T.);
#1813=ADVANCED_FACE('',(#557),#480,.T.);
#1814=ADVANCED_FACE('',(#558),#481,.T.);
#1815=ADVANCED_FACE('',(#559),#482,.T.);
#1816=ADVANCED_FACE('',(#560),#69,.T.);
#1817=ADVANCED_FACE('',(#561),#70,.T.);
#1818=ADVANCED_FACE('',(#562),#71,.T.);
#1819=ADVANCED_FACE('',(#563),#72,.F.);
#1820=ADVANCED_FACE('',(#564),#73,.T.);
#1821=ADVANCED_FACE('',(#565),#74,.F.);
#1822=ADVANCED_FACE('',(#566),#75,.F.);
#1823=ADVANCED_FACE('',(#567),#76,.F.);
#1824=ADVANCED_FACE('',(#568),#77,.F.);
#1825=ADVANCED_FACE('',(#569),#78,.F.);
#1826=ADVANCED_FACE('',(#570),#79,.F.);
#1827=ADVANCED_FACE('',(#571),#80,.F.);
#1828=ADVANCED_FACE('',(#572,#38,#39,#40,#41,#42),#81,.F.);
#1829=ADVANCED_FACE('',(#573,#43),#82,.F.);
#1830=ADVANCED_FACE('',(#574),#83,.F.);
#1831=ADVANCED_FACE('',(#575),#84,.F.);
#1832=ADVANCED_FACE('',(#576),#85,.F.);
#1833=ADVANCED_FACE('',(#577),#86,.T.);
#1834=ADVANCED_FACE('',(#578),#483,.F.);
#1835=ADVANCED_FACE('',(#579),#484,.F.);
#1836=ADVANCED_FACE('',(#580),#485,.F.);
#1837=ADVANCED_FACE('',(#581),#486,.F.);
#1838=ADVANCED_FACE('',(#582),#87,.F.);
#1839=ADVANCED_FACE('',(#583),#88,.F.);
#1840=ADVANCED_FACE('',(#584),#89,.T.);
#1841=ADVANCED_FACE('',(#585),#90,.T.);
#1842=ADVANCED_FACE('',(#586),#91,.F.);
#1843=ADVANCED_FACE('',(#587),#92,.F.);
#1844=ADVANCED_FACE('',(#588),#93,.F.);
#1845=ADVANCED_FACE('',(#589,#44),#94,.T.);
#1846=ADVANCED_FACE('',(#590),#487,.F.);
#1847=ADVANCED_FACE('',(#591),#95,.F.);
#1848=ADVANCED_FACE('',(#592),#96,.F.);
#1849=ADVANCED_FACE('',(#593),#97,.F.);
#1850=ADVANCED_FACE('',(#594),#98,.T.);
#1851=CLOSED_SHELL('',(#1744,#1745,#1746,#1747,#1748,#1749,#1750,#1751,
#1752,#1753,#1754,#1755,#1756,#1757,#1758,#1759,#1760,#1761,#1762,#1763,
#1764,#1765,#1766,#1767,#1768,#1769,#1770));
#1852=CLOSED_SHELL('',(#1771,#1772,#1773,#1774,#1775,#1776,#1777,#1778,
#1779,#1780,#1781,#1782,#1783,#1784,#1785,#1786,#1787,#1788,#1789,#1790,
#1791,#1792,#1793,#1794,#1795,#1796,#1797,#1798,#1799,#1800,#1801,#1802,
#1803,#1804,#1805,#1806,#1807,#1808,#1809,#1810,#1811,#1812,#1813,#1814,
#1815,#1816,#1817,#1818,#1819,#1820,#1821,#1822,#1823,#1824,#1825,#1826,
#1827,#1828,#1829,#1830,#1831,#1832,#1833,#1834,#1835,#1836,#1837,#1838,
#1839,#1840,#1841,#1842,#1843,#1844,#1845,#1846,#1847,#1848,#1849,#1850));
#1853=DERIVED_UNIT_ELEMENT(#1855,1.);
#1854=DERIVED_UNIT_ELEMENT(#3157,-3.);
#1855=(
MASS_UNIT()
NAMED_UNIT(*)
SI_UNIT(.KILO.,.GRAM.)
);
#1856=DERIVED_UNIT((#1853,#1854));
#1857=MEASURE_REPRESENTATION_ITEM('density measure',
POSITIVE_RATIO_MEASURE(7850.),#1856);
#1858=PROPERTY_DEFINITION_REPRESENTATION(#1863,#1860);
#1859=PROPERTY_DEFINITION_REPRESENTATION(#1864,#1861);
#1860=REPRESENTATION('material name',(#1862),#3154);
#1861=REPRESENTATION('density',(#1857),#3154);
#1862=DESCRIPTIVE_REPRESENTATION_ITEM('Steel','Steel');
#1863=PROPERTY_DEFINITION('material property','material name',#3164);
#1864=PROPERTY_DEFINITION('material property','density of part',#3164);
#1865=AXIS2_PLACEMENT_3D('',#2602,#2052,#2053);
#1866=AXIS2_PLACEMENT_3D('',#2603,#2054,#2055);
#1867=AXIS2_PLACEMENT_3D('',#2606,#2056,#2057);
#1868=AXIS2_PLACEMENT_3D('',#2608,#2058,#2059);
#1869=AXIS2_PLACEMENT_3D('',#2609,#2060,#2061);
#1870=AXIS2_PLACEMENT_3D('',#2610,#2062,#2063);
#1871=AXIS2_PLACEMENT_3D('',#2613,#2064,#2065);
#1872=AXIS2_PLACEMENT_3D('',#2615,#2066,#2067);
#1873=AXIS2_PLACEMENT_3D('',#2616,#2068,#2069);
#1874=AXIS2_PLACEMENT_3D('',#2617,#2070,#2071);
#1875=AXIS2_PLACEMENT_3D('',#2620,#2074,#2075);
#1876=AXIS2_PLACEMENT_3D('',#2623,#2076,#2077);
#1877=AXIS2_PLACEMENT_3D('',#2625,#2078,#2079);
#1878=AXIS2_PLACEMENT_3D('',#2626,#2080,#2081);
#1879=AXIS2_PLACEMENT_3D('',#2627,#2082,#2083);
#1880=AXIS2_PLACEMENT_3D('',#2630,#2086,#2087);
#1881=AXIS2_PLACEMENT_3D('',#2633,#2088,#2089);
#1882=AXIS2_PLACEMENT_3D('',#2636,#2092,#2093);
#1883=AXIS2_PLACEMENT_3D('',#2639,#2094,#2095);
#1884=AXIS2_PLACEMENT_3D('',#2641,#2096,#2097);
#1885=AXIS2_PLACEMENT_3D('',#2642,#2098,#2099);
#1886=AXIS2_PLACEMENT_3D('',#2643,#2100,#2101);
#1887=AXIS2_PLACEMENT_3D('',#2646,#2104,#2105);
#1888=AXIS2_PLACEMENT_3D('',#2649,#2108,#2109);
#1889=AXIS2_PLACEMENT_3D('',#2652,#2110,#2111);
#1890=AXIS2_PLACEMENT_3D('',#2655,#2114,#2115);
#1891=AXIS2_PLACEMENT_3D('',#2658,#2116,#2117);
#1892=AXIS2_PLACEMENT_3D('',#2661,#2120,#2121);
#1893=AXIS2_PLACEMENT_3D('',#2664,#2122,#2123);
#1894=AXIS2_PLACEMENT_3D('',#2667,#2126,#2127);
#1895=AXIS2_PLACEMENT_3D('',#2669,#2129,#2130);
#1896=AXIS2_PLACEMENT_3D('',#2681,#2138,#2139);
#1897=AXIS2_PLACEMENT_3D('',#2682,#2140,#2141);
#1898=AXIS2_PLACEMENT_3D('',#2684,#2142,#2143);
#1899=AXIS2_PLACEMENT_3D('',#2686,#2144,#2145);
#1900=AXIS2_PLACEMENT_3D('',#2688,#2146,#2147);
#1901=AXIS2_PLACEMENT_3D('',#2690,#2148,#2149);
#1902=AXIS2_PLACEMENT_3D('',#2691,#2150,#2151);
#1903=AXIS2_PLACEMENT_3D('',#2692,#2152,#2153);
#1904=AXIS2_PLACEMENT_3D('',#2693,#2154,#2155);
#1905=AXIS2_PLACEMENT_3D('',#2699,#2159,#2160);
#1906=AXIS2_PLACEMENT_3D('',#2703,#2163,#2164);
#1907=AXIS2_PLACEMENT_3D('',#2708,#2167,#2168);
#1908=AXIS2_PLACEMENT_3D('',#2710,#2169,#2170);
#1909=AXIS2_PLACEMENT_3D('',#2712,#2171,#2172);
#1910=AXIS2_PLACEMENT_3D('',#2714,#2173,#2174);
#1911=AXIS2_PLACEMENT_3D('',#2715,#2175,#2176);
#1912=AXIS2_PLACEMENT_3D('',#2717,#2178,#2179);
#1913=AXIS2_PLACEMENT_3D('',#2719,#2181,#2182);
#1914=AXIS2_PLACEMENT_3D('',#2721,#2184,#2185);
#1915=AXIS2_PLACEMENT_3D('',#2723,#2187,#2188);
#1916=AXIS2_PLACEMENT_3D('',#2725,#2190,#2191);
#1917=AXIS2_PLACEMENT_3D('',#2726,#2192,#2193);
#1918=AXIS2_PLACEMENT_3D('',#2735,#2198,#2199);
#1919=AXIS2_PLACEMENT_3D('',#2759,#2211,#2212);
#1920=AXIS2_PLACEMENT_3D('',#2761,#2214,#2215);
#1921=AXIS2_PLACEMENT_3D('',#2770,#2220,#2221);
#1922=AXIS2_PLACEMENT_3D('',#2776,#2225,#2226);
#1923=AXIS2_PLACEMENT_3D('',#2782,#2230,#2231);
#1924=AXIS2_PLACEMENT_3D('',#2785,#2234,#2235);
#1925=AXIS2_PLACEMENT_3D('',#2791,#2239,#2240);
#1926=AXIS2_PLACEMENT_3D('',#2795,#2243,#2244);
#1927=AXIS2_PLACEMENT_3D('',#2802,#2247,#2248);
#1928=AXIS2_PLACEMENT_3D('',#2814,#2254,#2255);
#1929=AXIS2_PLACEMENT_3D('',#2817,#2257,#2258);
#1930=AXIS2_PLACEMENT_3D('',#2819,#2259,#2260);
#1931=AXIS2_PLACEMENT_3D('',#2821,#2261,#2262);
#1932=AXIS2_PLACEMENT_3D('',#2823,#2263,#2264);
#1933=AXIS2_PLACEMENT_3D('',#2824,#2265,#2266);
#1934=AXIS2_PLACEMENT_3D('',#2828,#2268,#2269);
#1935=AXIS2_PLACEMENT_3D('',#2830,#2271,#2272);
#1936=AXIS2_PLACEMENT_3D('',#2834,#2275,#2276);
#1937=AXIS2_PLACEMENT_3D('',#2855,#2288,#2289);
#1938=AXIS2_PLACEMENT_3D('',#2857,#2290,#2291);
#1939=AXIS2_PLACEMENT_3D('',#2859,#2292,#2293);
#1940=AXIS2_PLACEMENT_3D('',#2861,#2295,#2296);
#1941=AXIS2_PLACEMENT_3D('',#2864,#2297,#2298);
#1942=AXIS2_PLACEMENT_3D('',#2866,#2299,#2300);
#1943=AXIS2_PLACEMENT_3D('',#2867,#2301,#2302);
#1944=AXIS2_PLACEMENT_3D('',#2868,#2303,#2304);
#1945=AXIS2_PLACEMENT_3D('',#2871,#2305,#2306);
#1946=AXIS2_PLACEMENT_3D('',#2874,#2309,#2310);
#1947=AXIS2_PLACEMENT_3D('',#2887,#2311,#2312);
#1948=AXIS2_PLACEMENT_3D('',#2888,#2313,#2314);
#1949=AXIS2_PLACEMENT_3D('',#2889,#2315,#2316);
#1950=AXIS2_PLACEMENT_3D('',#2891,#2317,#2318);
#1951=AXIS2_PLACEMENT_3D('',#2894,#2321,#2322);
#1952=AXIS2_PLACEMENT_3D('',#2897,#2323,#2324);
#1953=AXIS2_PLACEMENT_3D('',#2899,#2325,#2326);
#1954=AXIS2_PLACEMENT_3D('',#2900,#2327,#2328);
#1955=AXIS2_PLACEMENT_3D('',#2901,#2329,#2330);
#1956=AXIS2_PLACEMENT_3D('',#2904,#2331,#2332);
#1957=AXIS2_PLACEMENT_3D('',#2906,#2333,#2334);
#1958=AXIS2_PLACEMENT_3D('',#2918,#2335,#2336);
#1959=AXIS2_PLACEMENT_3D('',#2919,#2337,#2338);
#1960=AXIS2_PLACEMENT_3D('',#2922,#2341,#2342);
#1961=AXIS2_PLACEMENT_3D('',#2939,#2346,#2347);
#1962=AXIS2_PLACEMENT_3D('',#2941,#2348,#2349);
#1963=AXIS2_PLACEMENT_3D('',#2944,#2352,#2353);
#1964=AXIS2_PLACEMENT_3D('',#2945,#2354,#2355);
#1965=AXIS2_PLACEMENT_3D('',#2946,#2356,#2357);
#1966=AXIS2_PLACEMENT_3D('',#2947,#2358,#2359);
#1967=AXIS2_PLACEMENT_3D('',#2948,#2360,#2361);
#1968=AXIS2_PLACEMENT_3D('',#2952,#2363,#2364);
#1969=AXIS2_PLACEMENT_3D('',#2954,#2366,#2367);
#1970=AXIS2_PLACEMENT_3D('',#2956,#2369,#2370);
#1971=AXIS2_PLACEMENT_3D('',#2958,#2371,#2372);
#1972=AXIS2_PLACEMENT_3D('',#2959,#2373,#2374);
#1973=AXIS2_PLACEMENT_3D('',#2960,#2375,#2376);
#1974=AXIS2_PLACEMENT_3D('',#2961,#2377,#2378);
#1975=AXIS2_PLACEMENT_3D('',#2962,#2379,#2380);
#1976=AXIS2_PLACEMENT_3D('',#2963,#2381,#2382);
#1977=AXIS2_PLACEMENT_3D('',#2965,#2384,#2385);
#1978=AXIS2_PLACEMENT_3D('',#2968,#2386,#2387);
#1979=AXIS2_PLACEMENT_3D('',#2969,#2388,#2389);
#1980=AXIS2_PLACEMENT_3D('',#2970,#2390,#2391);
#1981=AXIS2_PLACEMENT_3D('',#2971,#2392,#2393);
#1982=AXIS2_PLACEMENT_3D('',#2974,#2394,#2395);
#1983=AXIS2_PLACEMENT_3D('',#2975,#2396,#2397);
#1984=AXIS2_PLACEMENT_3D('',#2976,#2398,#2399);
#1985=AXIS2_PLACEMENT_3D('',#2977,#2400,#2401);
#1986=AXIS2_PLACEMENT_3D('',#2979,#2402,#2403);
#1987=AXIS2_PLACEMENT_3D('',#2980,#2404,#2405);
#1988=AXIS2_PLACEMENT_3D('',#2981,#2406,#2407);
#1989=AXIS2_PLACEMENT_3D('',#2982,#2408,#2409);
#1990=AXIS2_PLACEMENT_3D('',#2984,#2410,#2411);
#1991=AXIS2_PLACEMENT_3D('',#2985,#2412,#2413);
#1992=AXIS2_PLACEMENT_3D('',#2986,#2414,#2415);
#1993=AXIS2_PLACEMENT_3D('',#2987,#2416,#2417);
#1994=AXIS2_PLACEMENT_3D('',#2988,#2418,#2419);
#1995=AXIS2_PLACEMENT_3D('',#2990,#2420,#2421);
#1996=AXIS2_PLACEMENT_3D('',#2992,#2423,#2424);
#1997=AXIS2_PLACEMENT_3D('',#2995,#2425,#2426);
#1998=AXIS2_PLACEMENT_3D('',#2996,#2427,#2428);
#1999=AXIS2_PLACEMENT_3D('',#2997,#2429,#2430);
#2000=AXIS2_PLACEMENT_3D('',#2998,#2431,#2432);
#2001=AXIS2_PLACEMENT_3D('',#3000,#2434,#2435);
#2002=AXIS2_PLACEMENT_3D('',#3002,#2437,#2438);
#2003=AXIS2_PLACEMENT_3D('',#3005,#2441,#2442);
#2004=AXIS2_PLACEMENT_3D('',#3007,#2444,#2445);
#2005=AXIS2_PLACEMENT_3D('',#3009,#2446,#2447);
#2006=AXIS2_PLACEMENT_3D('',#3011,#2449,#2450);
#2007=AXIS2_PLACEMENT_3D('',#3013,#2452,#2453);
#2008=AXIS2_PLACEMENT_3D('',#3016,#2454,#2455);
#2009=AXIS2_PLACEMENT_3D('',#3019,#2458,#2459);
#2010=AXIS2_PLACEMENT_3D('',#3021,#2461,#2462);
#2011=AXIS2_PLACEMENT_3D('',#3024,#2463,#2464);
#2012=AXIS2_PLACEMENT_3D('',#3027,#2467,#2468);
#2013=AXIS2_PLACEMENT_3D('',#3028,#2469,#2470);
#2014=AXIS2_PLACEMENT_3D('',#3030,#2472,#2473);
#2015=AXIS2_PLACEMENT_3D('',#3032,#2475,#2476);
#2016=AXIS2_PLACEMENT_3D('',#3041,#2483,#2484);
#2017=AXIS2_PLACEMENT_3D('',#3042,#2485,#2486);
#2018=AXIS2_PLACEMENT_3D('',#3044,#2488,#2489);
#2019=AXIS2_PLACEMENT_3D('',#3045,#2490,#2491);
#2020=AXIS2_PLACEMENT_3D('',#3047,#2493,#2494);
#2021=AXIS2_PLACEMENT_3D('',#3058,#2500,#2501);
#2022=AXIS2_PLACEMENT_3D('',#3064,#2505,#2506);
#2023=AXIS2_PLACEMENT_3D('',#3068,#2509,#2510);
#2024=AXIS2_PLACEMENT_3D('',#3074,#2514,#2515);
#2025=AXIS2_PLACEMENT_3D('',#3086,#2522,#2523);
#2026=AXIS2_PLACEMENT_3D('',#3088,#2524,#2525);
#2027=AXIS2_PLACEMENT_3D('',#3090,#2526,#2527);
#2028=AXIS2_PLACEMENT_3D('',#3092,#2528,#2529);
#2029=AXIS2_PLACEMENT_3D('',#3093,#2530,#2531);
#2030=AXIS2_PLACEMENT_3D('',#3103,#2536,#2537);
#2031=AXIS2_PLACEMENT_3D('',#3104,#2538,#2539);
#2032=AXIS2_PLACEMENT_3D('',#3106,#2541,#2542);
#2033=AXIS2_PLACEMENT_3D('',#3112,#2546,#2547);
#2034=AXIS2_PLACEMENT_3D('',#3118,#2551,#2552);
#2035=AXIS2_PLACEMENT_3D('',#3120,#2554,#2555);
#2036=AXIS2_PLACEMENT_3D('',#3122,#2557,#2558);
#2037=AXIS2_PLACEMENT_3D('',#3124,#2560,#2561);
#2038=AXIS2_PLACEMENT_3D('',#3126,#2563,#2564);
#2039=AXIS2_PLACEMENT_3D('',#3128,#2566,#2567);
#2040=AXIS2_PLACEMENT_3D('',#3129,#2568,#2569);
#2041=AXIS2_PLACEMENT_3D('',#3130,#2570,#2571);
#2042=AXIS2_PLACEMENT_3D('',#3134,#2574,#2575);
#2043=AXIS2_PLACEMENT_3D('',#3136,#2577,#2578);
#2044=AXIS2_PLACEMENT_3D('',#3140,#2582,#2583);
#2045=AXIS2_PLACEMENT_3D('',#3142,#2585,#2586);
#2046=AXIS2_PLACEMENT_3D('',#3143,#2587,#2588);
#2047=AXIS2_PLACEMENT_3D('',#3144,#2589,#2590);
#2048=AXIS2_PLACEMENT_3D('',#3146,#2592,#2593);
#2049=AXIS2_PLACEMENT_3D('',#3148,#2595,#2596);
#2050=AXIS2_PLACEMENT_3D('',#3150,#2598,#2599);
#2051=AXIS2_PLACEMENT_3D('',#3151,#2600,#2601);
#2052=DIRECTION('axis',(0.,0.,1.));
#2053=DIRECTION('refdir',(1.,0.,0.));
#2054=DIRECTION('center_axis',(-0.408248290463861,-0.816496580927727,-0.408248290463864));
#2055=DIRECTION('ref_axis',(-0.577350269189627,0.577350269189627,-0.577350269189624));
#2056=DIRECTION('center_axis',(-1.,0.,0.));
#2057=DIRECTION('ref_axis',(0.,0.,-1.));
#2058=DIRECTION('center_axis',(0.,1.,0.));
#2059=DIRECTION('ref_axis',(-1.,0.,0.));
#2060=DIRECTION('center_axis',(0.,0.,-1.));
#2061=DIRECTION('ref_axis',(0.,1.,0.));
#2062=DIRECTION('center_axis',(0.408248290463859,-0.816496580927729,0.408248290463862));
#2063=DIRECTION('ref_axis',(-0.577350269189627,-0.577350269189627,-0.577350269189624));
#2064=DIRECTION('center_axis',(0.,0.,-1.));
#2065=DIRECTION('ref_axis',(-1.,0.,0.));
#2066=DIRECTION('center_axis',(0.,-1.,0.));
#2067=DIRECTION('ref_axis',(0.,0.,-1.));
#2068=DIRECTION('center_axis',(-1.,0.,0.));
#2069=DIRECTION('ref_axis',(0.,-1.,0.));
#2070=DIRECTION('center_axis',(0.,1.,0.));
#2071=DIRECTION('ref_axis',(-0.707106781186547,0.,-0.707106781186547));
#2072=DIRECTION('',(0.,-1.,0.));
#2073=DIRECTION('',(0.,1.,0.));
#2074=DIRECTION('center_axis',(0.408248290463861,-0.816496580927727,-0.408248290463864));
#2075=DIRECTION('ref_axis',(0.577350269189627,0.577350269189627,-0.577350269189624));
#2076=DIRECTION('center_axis',(0.,1.,0.));
#2077=DIRECTION('ref_axis',(0.,0.,-1.));
#2078=DIRECTION('center_axis',(1.,0.,0.));
#2079=DIRECTION('ref_axis',(0.,1.,0.));
#2080=DIRECTION('center_axis',(0.,0.,-1.));
#2081=DIRECTION('ref_axis',(1.,0.,0.));
#2082=DIRECTION('center_axis',(1.,0.,0.));
#2083=DIRECTION('ref_axis',(0.,0.707106781186547,-0.707106781186547));
#2084=DIRECTION('',(-1.,0.,0.));
#2085=DIRECTION('',(1.,0.,0.));
#2086=DIRECTION('center_axis',(0.,0.,1.));
#2087=DIRECTION('ref_axis',(0.707106781186547,0.707106781186547,0.));
#2088=DIRECTION('center_axis',(0.,0.,-1.));
#2089=DIRECTION('ref_axis',(0.707106781186547,0.707106781186547,0.));
#2090=DIRECTION('',(0.,0.,-1.));
#2091=DIRECTION('',(0.,0.,1.));
#2092=DIRECTION('center_axis',(-0.408248290463859,-0.816496580927729,0.408248290463862));
#2093=DIRECTION('ref_axis',(0.577350269189627,-0.577350269189627,-0.577350269189624));
#2094=DIRECTION('center_axis',(0.,0.,-1.));
#2095=DIRECTION('ref_axis',(0.,-1.,0.));
#2096=DIRECTION('center_axis',(1.,0.,0.));
#2097=DIRECTION('ref_axis',(0.,0.,-1.));
#2098=DIRECTION('center_axis',(0.,-1.,0.));
#2099=DIRECTION('ref_axis',(1.,0.,0.));
#2100=DIRECTION('center_axis',(1.,0.,0.));
#2101=DIRECTION('ref_axis',(0.,-0.707106781186547,-0.707106781186547));
#2102=DIRECTION('',(-1.,0.,0.));
#2103=DIRECTION('',(1.,0.,0.));
#2104=DIRECTION('center_axis',(0.,1.,0.));
#2105=DIRECTION('ref_axis',(0.707106781186547,0.,-0.707106781186547));
#2106=DIRECTION('',(0.,-1.,0.));
#2107=DIRECTION('',(0.,1.,0.));
#2108=DIRECTION('center_axis',(0.,0.,-1.));
#2109=DIRECTION('ref_axis',(0.707106781186547,-0.707106781186547,0.));
#2110=DIRECTION('center_axis',(0.,0.,-1.));
#2111=DIRECTION('ref_axis',(0.707106781186547,-0.707106781186547,0.));
#2112=DIRECTION('',(0.,0.,-1.));
#2113=DIRECTION('',(0.,0.,1.));
#2114=DIRECTION('center_axis',(0.,0.,-1.));
#2115=DIRECTION('ref_axis',(-0.707106781186547,-0.707106781186547,0.));
#2116=DIRECTION('center_axis',(0.,0.,-1.));
#2117=DIRECTION('ref_axis',(-0.707106781186547,-0.707106781186547,0.));
#2118=DIRECTION('',(0.,0.,-1.));
#2119=DIRECTION('',(0.,0.,1.));
#2120=DIRECTION('center_axis',(0.,0.,1.));
#2121=DIRECTION('ref_axis',(-0.707106781186547,0.707106781186547,0.));
#2122=DIRECTION('center_axis',(0.,0.,-1.));
#2123=DIRECTION('ref_axis',(-0.707106781186547,0.707106781186547,0.));
#2124=DIRECTION('',(0.,0.,-1.));
#2125=DIRECTION('',(0.,0.,1.));
#2126=DIRECTION('center_axis',(-1.,0.,0.));
#2127=DIRECTION('ref_axis',(0.,0.,1.));
#2128=DIRECTION('',(0.,-1.,0.));
#2129=DIRECTION('center_axis',(0.,0.,1.));
#2130=DIRECTION('ref_axis',(1.,0.,0.));
#2131=DIRECTION('',(1.,0.,0.));
#2132=DIRECTION('',(0.,-1.,0.));
#2133=DIRECTION('',(1.,0.,0.));
#2134=DIRECTION('',(-1.,0.,0.));
#2135=DIRECTION('',(0.,1.,0.));
#2136=DIRECTION('',(1.,0.,0.));
#2137=DIRECTION('',(0.,-1.,0.));
#2138=DIRECTION('center_axis',(0.,-1.,0.));
#2139=DIRECTION('ref_axis',(0.,0.,-1.));
#2140=DIRECTION('center_axis',(0.,0.,-1.));
#2141=DIRECTION('ref_axis',(-1.,0.,0.));
#2142=DIRECTION('center_axis',(0.,0.,1.));
#2143=DIRECTION('ref_axis',(-1.,0.,0.));
#2144=DIRECTION('center_axis',(0.,0.,1.));
#2145=DIRECTION('ref_axis',(-1.,0.,0.));
#2146=DIRECTION('center_axis',(0.,0.,1.));
#2147=DIRECTION('ref_axis',(-1.,0.,0.));
#2148=DIRECTION('center_axis',(0.,0.,1.));
#2149=DIRECTION('ref_axis',(-1.,0.,0.));
#2150=DIRECTION('center_axis',(1.,0.,0.));
#2151=DIRECTION('ref_axis',(0.,0.,-1.));
#2152=DIRECTION('center_axis',(0.,1.,0.));
#2153=DIRECTION('ref_axis',(0.,0.,1.));
#2154=DIRECTION('center_axis',(1.,0.,0.));
#2155=DIRECTION('ref_axis',(0.,-1.,0.));
#2156=DIRECTION('',(0.,0.,1.));
#2157=DIRECTION('',(0.,-1.,0.));
#2158=DIRECTION('',(0.,0.,1.));
#2159=DIRECTION('center_axis',(0.,1.,0.));
#2160=DIRECTION('ref_axis',(1.,0.,0.));
#2161=DIRECTION('',(0.,0.,1.));
#2162=DIRECTION('',(1.,0.,0.));
#2163=DIRECTION('center_axis',(0.,0.,-1.));
#2164=DIRECTION('ref_axis',(-1.,0.,0.));
#2165=DIRECTION('',(-1.,0.,0.));
#2166=DIRECTION('',(0.,1.,0.));
#2167=DIRECTION('center_axis',(0.,0.,1.));
#2168=DIRECTION('ref_axis',(-1.,0.,0.));
#2169=DIRECTION('center_axis',(0.,0.,1.));
#2170=DIRECTION('ref_axis',(-1.,0.,0.));
#2171=DIRECTION('center_axis',(0.,0.,1.));
#2172=DIRECTION('ref_axis',(-1.,0.,0.));
#2173=DIRECTION('center_axis',(0.,0.,1.));
#2174=DIRECTION('ref_axis',(-1.,0.,0.));
#2175=DIRECTION('center_axis',(0.,0.,-1.));
#2176=DIRECTION('ref_axis',(-1.,0.,0.));
#2177=DIRECTION('',(0.,0.,-1.));
#2178=DIRECTION('center_axis',(0.,0.,-1.));
#2179=DIRECTION('ref_axis',(-1.,0.,0.));
#2180=DIRECTION('',(0.,0.,-1.));
#2181=DIRECTION('center_axis',(0.,0.,-1.));
#2182=DIRECTION('ref_axis',(-1.,0.,0.));
#2183=DIRECTION('',(0.,0.,-1.));
#2184=DIRECTION('center_axis',(0.,0.,-1.));
#2185=DIRECTION('ref_axis',(-1.,0.,0.));
#2186=DIRECTION('',(0.,0.,-1.));
#2187=DIRECTION('center_axis',(0.,-1.,0.));
#2188=DIRECTION('ref_axis',(-1.,0.,0.));
#2189=DIRECTION('',(0.,0.,1.));
#2190=DIRECTION('center_axis',(-1.,0.,0.));
#2191=DIRECTION('ref_axis',(0.,1.,0.));
#2192=DIRECTION('center_axis',(0.,0.,1.));
#2193=DIRECTION('ref_axis',(1.,0.,0.));
#2194=DIRECTION('',(1.,0.,0.));
#2195=DIRECTION('',(0.,-1.,0.));
#2196=DIRECTION('',(-1.,0.,0.));
#2197=DIRECTION('',(0.,1.,0.));
#2198=DIRECTION('center_axis',(1.,0.,0.));
#2199=DIRECTION('ref_axis',(0.,0.,-1.));
#2200=DIRECTION('',(0.,0.,1.));
#2201=DIRECTION('',(0.,0.,-1.));
#2202=DIRECTION('',(0.,1.,0.));
#2203=DIRECTION('',(0.,0.,-1.));
#2204=DIRECTION('',(0.,1.,0.));
#2205=DIRECTION('',(0.,0.,1.));
#2206=DIRECTION('',(0.,-1.,0.));
#2207=DIRECTION('',(0.,0.,1.));
#2208=DIRECTION('',(0.,1.,0.));
#2209=DIRECTION('',(0.,0.,-1.));
#2210=DIRECTION('',(0.,1.,0.));
#2211=DIRECTION('center_axis',(-1.,0.,0.));
#2212=DIRECTION('ref_axis',(0.,1.,0.));
#2213=DIRECTION('',(0.,1.,0.));
#2214=DIRECTION('center_axis',(0.,0.707106781186546,0.707106781186549));
#2215=DIRECTION('ref_axis',(1.,0.,0.));
#2216=DIRECTION('',(1.,0.,0.));
#2217=DIRECTION('',(-0.577350269189626,0.577350269189626,-0.577350269189625));
#2218=DIRECTION('',(-1.,0.,0.));
#2219=DIRECTION('',(0.577350269189631,0.577350269189617,-0.577350269189629));
#2220=DIRECTION('center_axis',(-0.707106781186546,0.,0.707106781186549));
#2221=DIRECTION('ref_axis',(0.707106781186549,0.,0.707106781186546));
#2222=DIRECTION('',(0.,1.,0.));
#2223=DIRECTION('',(-0.577350269189626,-0.577350269189626,-0.577350269189625));
#2224=DIRECTION('',(0.,-1.,0.));
#2225=DIRECTION('center_axis',(0.,-0.707106781186546,0.707106781186549));
#2226=DIRECTION('ref_axis',(1.,0.,0.));
#2227=DIRECTION('',(-1.,0.,0.));
#2228=DIRECTION('',(0.577350269189626,-0.577350269189626,-0.577350269189625));
#2229=DIRECTION('',(1.,0.,0.));
#2230=DIRECTION('center_axis',(0.707106781186546,0.,0.707106781186549));
#2231=DIRECTION('ref_axis',(0.707106781186549,0.,-0.707106781186546));
#2232=DIRECTION('',(0.,1.,0.));
#2233=DIRECTION('',(0.,-1.,0.));
#2234=DIRECTION('center_axis',(1.,0.,0.));
#2235=DIRECTION('ref_axis',(0.,0.,-1.));
#2236=DIRECTION('',(0.,0.,-1.));
#2237=DIRECTION('',(0.,1.,0.));
#2238=DIRECTION('',(0.,0.,1.));
#2239=DIRECTION('center_axis',(0.,1.,0.));
#2240=DIRECTION('ref_axis',(0.,0.,1.));
#2241=DIRECTION('',(0.,0.,1.));
#2242=DIRECTION('',(-1.,0.,0.));
#2243=DIRECTION('center_axis',(0.,0.,1.));
#2244=DIRECTION('ref_axis',(1.,0.,0.));
#2245=DIRECTION('',(1.,0.,0.));
#2246=DIRECTION('',(0.,1.,0.));
#2247=DIRECTION('center_axis',(0.,0.,1.));
#2248=DIRECTION('ref_axis',(0.707106781186545,-0.70710678118655,0.));
#2249=DIRECTION('',(1.,0.,0.));
#2250=DIRECTION('',(0.,1.,0.));
#2251=DIRECTION('',(-1.,0.,0.));
#2252=DIRECTION('',(0.,-1.,0.));
#2253=DIRECTION('',(1.,0.,0.));
#2254=DIRECTION('center_axis',(0.,0.,1.));
#2255=DIRECTION('ref_axis',(-0.707106781186545,-0.70710678118655,0.));
#2256=DIRECTION('',(0.,-1.,0.));
#2257=DIRECTION('center_axis',(0.,0.,-1.));
#2258=DIRECTION('ref_axis',(1.,0.,0.));
#2259=DIRECTION('center_axis',(0.,0.,-1.));
#2260=DIRECTION('ref_axis',(1.,0.,0.));
#2261=DIRECTION('center_axis',(0.,0.,-1.));
#2262=DIRECTION('ref_axis',(1.,0.,0.));
#2263=DIRECTION('center_axis',(0.,0.,-1.));
#2264=DIRECTION('ref_axis',(1.,0.,0.));
#2265=DIRECTION('center_axis',(-1.,0.,0.));
#2266=DIRECTION('ref_axis',(0.,-1.83697019872103E-16,1.));
#2267=DIRECTION('',(1.,0.,0.));
#2268=DIRECTION('center_axis',(1.,0.,0.));
#2269=DIRECTION('ref_axis',(0.,1.,0.));
#2270=DIRECTION('',(-1.,0.,0.));
#2271=DIRECTION('center_axis',(0.,0.,1.));
#2272=DIRECTION('ref_axis',(1.,0.,0.));
#2273=DIRECTION('',(0.,-1.,0.));
#2274=DIRECTION('',(-1.,0.,0.));
#2275=DIRECTION('center_axis',(1.,0.,0.));
#2276=DIRECTION('ref_axis',(0.,-1.,0.));
#2277=DIRECTION('',(0.,0.,-1.));
#2278=DIRECTION('',(0.,-1.,0.));
#2279=DIRECTION('',(0.,0.,1.));
#2280=DIRECTION('',(0.,1.,0.));
#2281=DIRECTION('',(0.,0.,-1.));
#2282=DIRECTION('',(0.,-1.,0.));
#2283=DIRECTION('',(0.,0.,1.));
#2284=DIRECTION('',(0.,1.,0.));
#2285=DIRECTION('',(0.,0.,1.));
#2286=DIRECTION('',(0.,-1.,0.));
#2287=DIRECTION('',(0.,0.,-1.));
#2288=DIRECTION('center_axis',(1.,0.,0.));
#2289=DIRECTION('ref_axis',(0.,0.707106781186547,0.707106781186547));
#2290=DIRECTION('center_axis',(1.,0.,0.));
#2291=DIRECTION('ref_axis',(0.,1.,0.));
#2292=DIRECTION('center_axis',(-1.,0.,0.));
#2293=DIRECTION('ref_axis',(0.,0.,1.));
#2294=DIRECTION('',(-1.,0.,0.));
#2295=DIRECTION('center_axis',(-0.816496580927727,-0.408248290463864,0.40824829046386));
#2296=DIRECTION('ref_axis',(-0.577350269189627,0.577350269189627,-0.577350269189624));
#2297=DIRECTION('center_axis',(-1.,0.,0.));
#2298=DIRECTION('ref_axis',(0.,0.,-1.));
#2299=DIRECTION('center_axis',(0.,1.,0.));
#2300=DIRECTION('ref_axis',(-1.,0.,0.));
#2301=DIRECTION('center_axis',(0.,0.,-1.));
#2302=DIRECTION('ref_axis',(0.,1.,0.));
#2303=DIRECTION('center_axis',(0.,1.,0.));
#2304=DIRECTION('ref_axis',(-0.707106781186547,0.,-0.707106781186547));
#2305=DIRECTION('center_axis',(0.,1.,0.));
#2306=DIRECTION('ref_axis',(0.,0.,-1.));
#2307=DIRECTION('',(0.,1.,0.));
#2308=DIRECTION('',(0.,-1.,0.));
#2309=DIRECTION('center_axis',(0.,0.,-1.));
#2310=DIRECTION('ref_axis',(-1.,0.,0.));
#2311=DIRECTION('center_axis',(0.,0.,1.));
#2312=DIRECTION('ref_axis',(0.707106781186551,-0.707106781186544,0.));
#2313=DIRECTION('center_axis',(0.,0.,-1.));
#2314=DIRECTION('ref_axis',(0.707106781186551,-0.707106781186544,0.));
#2315=DIRECTION('center_axis',(0.,0.,1.));
#2316=DIRECTION('ref_axis',(-0.707106781186547,0.707106781186547,0.));
#2317=DIRECTION('center_axis',(0.,0.,-1.));
#2318=DIRECTION('ref_axis',(-1.,0.,0.));
#2319=DIRECTION('',(0.,0.,-1.));
#2320=DIRECTION('',(0.,0.,1.));
#2321=DIRECTION('center_axis',(-0.816496580927734,0.408248290463855,-0.408248290463856));
#2322=DIRECTION('ref_axis',(0.577350269189616,0.577350269189633,-0.577350269189629));
#2323=DIRECTION('center_axis',(0.,0.,-1.));
#2324=DIRECTION('ref_axis',(1.,0.,0.));
#2325=DIRECTION('center_axis',(0.,1.,0.));
#2326=DIRECTION('ref_axis',(0.,0.,-1.));
#2327=DIRECTION('center_axis',(1.,0.,1.4210854715202E-14));
#2328=DIRECTION('ref_axis',(0.,1.,0.));
#2329=DIRECTION('center_axis',(0.,0.,-1.));
#2330=DIRECTION('ref_axis',(-1.,0.,0.));
#2331=DIRECTION('center_axis',(0.,-1.,0.));
#2332=DIRECTION('ref_axis',(0.,0.,-1.));
#2333=DIRECTION('center_axis',(0.,0.,1.));
#2334=DIRECTION('ref_axis',(-0.707106781186551,-0.707106781186544,0.));
#2335=DIRECTION('center_axis',(0.,0.,-1.));
#2336=DIRECTION('ref_axis',(-0.707106781186551,-0.707106781186544,0.));
#2337=DIRECTION('center_axis',(0.,1.,0.));
#2338=DIRECTION('ref_axis',(0.707106781186547,0.,-0.707106781186547));
#2339=DIRECTION('',(0.,-1.,0.));
#2340=DIRECTION('',(0.,1.,0.));
#2341=DIRECTION('center_axis',(-1.,0.,0.));
#2342=DIRECTION('ref_axis',(0.,0.707106781186547,-0.707106781186547));
#2343=DIRECTION('',(1.,0.,0.));
#2344=DIRECTION('',(-1.,0.,0.));
#2345=DIRECTION('',(1.,0.,0.));
#2346=DIRECTION('center_axis',(0.,0.,-1.));
#2347=DIRECTION('ref_axis',(0.707106781186547,0.707106781186547,0.));
#2348=DIRECTION('center_axis',(0.,0.,-1.));
#2349=DIRECTION('ref_axis',(0.,1.,0.));
#2350=DIRECTION('',(0.,0.,-1.));
#2351=DIRECTION('',(0.,0.,1.));
#2352=DIRECTION('center_axis',(0.408248290463859,-0.816496580927729,0.40824829046386));
#2353=DIRECTION('ref_axis',(0.577350269189628,0.577350269189622,0.577350269189627));
#2354=DIRECTION('center_axis',(0.,1.,0.));
#2355=DIRECTION('ref_axis',(0.70710678118655,0.,0.707106781186545));
#2356=DIRECTION('center_axis',(-0.816496580927727,-0.408248290463864,-0.40824829046386));
#2357=DIRECTION('ref_axis',(-0.577350269189627,0.577350269189627,0.577350269189624));
#2358=DIRECTION('center_axis',(0.,1.,0.));
#2359=DIRECTION('ref_axis',(-0.707106781186551,0.,0.707106781186544));
#2360=DIRECTION('center_axis',(0.,0.,1.));
#2361=DIRECTION('ref_axis',(0.707106781186547,-0.707106781186547,0.));
#2362=DIRECTION('',(0.,0.,1.));
#2363=DIRECTION('center_axis',(0.,0.,-1.));
#2364=DIRECTION('ref_axis',(0.,-1.,0.));
#2365=DIRECTION('',(0.,0.,-1.));
#2366=DIRECTION('center_axis',(0.,0.,-1.));
#2367=DIRECTION('ref_axis',(-1.,0.,0.));
#2368=DIRECTION('',(-1.,0.,0.));
#2369=DIRECTION('center_axis',(0.,1.,0.));
#2370=DIRECTION('ref_axis',(0.,0.,1.));
#2371=DIRECTION('center_axis',(0.,-1.,0.));
#2372=DIRECTION('ref_axis',(-1.,0.,0.));
#2373=DIRECTION('center_axis',(0.,-1.,0.));
#2374=DIRECTION('ref_axis',(-1.,0.,0.));
#2375=DIRECTION('center_axis',(0.,0.,1.));
#2376=DIRECTION('ref_axis',(1.,0.,0.));
#2377=DIRECTION('center_axis',(0.,1.,0.));
#2378=DIRECTION('ref_axis',(-1.,0.,0.));
#2379=DIRECTION('center_axis',(-1.,0.,0.));
#2380=DIRECTION('ref_axis',(0.,0.,1.));
#2381=DIRECTION('center_axis',(0.,1.,0.));
#2382=DIRECTION('ref_axis',(-0.707106781186547,0.,0.707106781186547));
#2383=DIRECTION('',(0.,-1.,0.));
#2384=DIRECTION('center_axis',(-0.816496580927723,-0.408248290463867,-0.408248290463864));
#2385=DIRECTION('ref_axis',(-0.577350269189628,0.577350269189628,0.577350269189621));
#2386=DIRECTION('center_axis',(0.,0.,1.));
#2387=DIRECTION('ref_axis',(-1.,0.,0.));
#2388=DIRECTION('center_axis',(7.10542735760095E-15,1.,0.));
#2389=DIRECTION('ref_axis',(0.,0.,1.));
#2390=DIRECTION('center_axis',(-1.,0.,7.105427357601E-15));
#2391=DIRECTION('ref_axis',(0.,1.,0.));
#2392=DIRECTION('center_axis',(-0.40824829046386,-0.40824829046386,-0.816496580927729));
#2393=DIRECTION('ref_axis',(-0.577350269189628,-0.577350269189628,0.577350269189623));
#2394=DIRECTION('center_axis',(0.,0.,1.));
#2395=DIRECTION('ref_axis',(0.,-1.,0.));
#2396=DIRECTION('center_axis',(-1.,7.105427357601E-15,0.));
#2397=DIRECTION('ref_axis',(0.,0.,1.));
#2398=DIRECTION('center_axis',(0.,-1.,0.));
#2399=DIRECTION('ref_axis',(-1.,0.,0.));
#2400=DIRECTION('center_axis',(-0.408248290463859,-0.816496580927729,-0.408248290463862));
#2401=DIRECTION('ref_axis',(0.577350269189627,-0.577350269189627,0.577350269189624));
#2402=DIRECTION('center_axis',(0.,0.,1.));
#2403=DIRECTION('ref_axis',(1.,0.,0.));
#2404=DIRECTION('center_axis',(0.,-1.,0.));
#2405=DIRECTION('ref_axis',(0.,0.,1.));
#2406=DIRECTION('center_axis',(1.,0.,0.));
#2407=DIRECTION('ref_axis',(0.,-1.,0.));
#2408=DIRECTION('center_axis',(0.40824829046386,-0.81649658092773,0.408248290463857));
#2409=DIRECTION('ref_axis',(0.577350269189629,0.577350269189618,0.577350269189631));
#2410=DIRECTION('center_axis',(1.,0.,0.));
#2411=DIRECTION('ref_axis',(0.,0.,1.));
#2412=DIRECTION('center_axis',(0.,1.,1.4210854715202E-14));
#2413=DIRECTION('ref_axis',(1.,0.,0.));
#2414=DIRECTION('center_axis',(0.,0.,1.));
#2415=DIRECTION('ref_axis',(0.,1.,0.));
#2416=DIRECTION('center_axis',(0.,1.,0.));
#2417=DIRECTION('ref_axis',(0.707106781186547,0.,0.707106781186547));
#2418=DIRECTION('center_axis',(0.,0.,-1.));
#2419=DIRECTION('ref_axis',(0.707106781186547,0.707106781186547,0.));
#2420=DIRECTION('center_axis',(0.,0.,1.));
#2421=DIRECTION('ref_axis',(0.707106781186547,0.707106781186547,0.));
#2422=DIRECTION('',(0.,0.,1.));
#2423=DIRECTION('center_axis',(0.,0.,-1.));
#2424=DIRECTION('ref_axis',(-1.,0.,0.));
#2425=DIRECTION('center_axis',(0.,-8.88178419700125E-16,-1.));
#2426=DIRECTION('ref_axis',(-1.,0.,0.));
#2427=DIRECTION('center_axis',(0.,1.,0.));
#2428=DIRECTION('ref_axis',(0.,0.,1.));
#2429=DIRECTION('center_axis',(1.,0.,0.));
#2430=DIRECTION('ref_axis',(0.,1.,0.));
#2431=DIRECTION('center_axis',(0.,1.,0.));
#2432=DIRECTION('ref_axis',(0.707106781186547,0.,0.707106781186547));
#2433=DIRECTION('',(0.,1.,0.));
#2434=DIRECTION('center_axis',(1.,0.,0.));
#2435=DIRECTION('ref_axis',(0.,0.707106781186547,0.707106781186547));
#2436=DIRECTION('',(-1.,0.,0.));
#2437=DIRECTION('center_axis',(0.,0.,-1.));
#2438=DIRECTION('ref_axis',(-0.707106781186547,-0.707106781186547,0.));
#2439=DIRECTION('',(0.,0.,1.));
#2440=DIRECTION('',(0.,0.,-1.));
#2441=DIRECTION('center_axis',(-1.,0.,0.));
#2442=DIRECTION('ref_axis',(0.,-0.707106781186547,0.707106781186547));
#2443=DIRECTION('',(1.,0.,0.));
#2444=DIRECTION('center_axis',(0.,0.,1.));
#2445=DIRECTION('ref_axis',(0.707106781186547,-0.707106781186547,0.));
#2446=DIRECTION('center_axis',(0.,0.,1.));
#2447=DIRECTION('ref_axis',(0.707106781186547,-0.707106781186547,0.));
#2448=DIRECTION('',(0.,0.,-1.));
#2449=DIRECTION('center_axis',(0.,1.,0.));
#2450=DIRECTION('ref_axis',(-0.707106781186553,0.,0.707106781186542));
#2451=DIRECTION('',(0.,-1.,0.));
#2452=DIRECTION('center_axis',(0.,0.,1.));
#2453=DIRECTION('ref_axis',(-0.707106781186547,-0.707106781186547,0.));
#2454=DIRECTION('center_axis',(0.,0.,1.));
#2455=DIRECTION('ref_axis',(-0.707106781186547,-0.707106781186547,0.));
#2456=DIRECTION('',(0.,0.,1.));
#2457=DIRECTION('',(0.,0.,-1.));
#2458=DIRECTION('center_axis',(1.,0.,0.));
#2459=DIRECTION('ref_axis',(0.,0.707106781186547,0.707106781186547));
#2460=DIRECTION('',(-1.,0.,0.));
#2461=DIRECTION('center_axis',(0.,0.,1.));
#2462=DIRECTION('ref_axis',(-0.707106781186547,0.707106781186547,0.));
#2463=DIRECTION('center_axis',(0.,0.,1.));
#2464=DIRECTION('ref_axis',(-0.707106781186547,0.707106781186547,0.));
#2465=DIRECTION('',(0.,0.,1.));
#2466=DIRECTION('',(0.,0.,-1.));
#2467=DIRECTION('center_axis',(1.,0.,0.));
#2468=DIRECTION('ref_axis',(0.,0.,-1.));
#2469=DIRECTION('center_axis',(0.,1.,0.));
#2470=DIRECTION('ref_axis',(0.,0.,1.));
#2471=DIRECTION('',(-1.,0.,0.));
#2472=DIRECTION('center_axis',(0.,-1.,0.));
#2473=DIRECTION('ref_axis',(0.,0.,-1.));
#2474=DIRECTION('',(-1.,0.,0.));
#2475=DIRECTION('center_axis',(0.,0.,1.));
#2476=DIRECTION('ref_axis',(1.,0.,0.));
#2477=DIRECTION('',(1.,0.,0.));
#2478=DIRECTION('',(1.,0.,0.));
#2479=DIRECTION('',(0.,1.,0.));
#2480=DIRECTION('',(-1.,0.,0.));
#2481=DIRECTION('',(-1.,0.,0.));
#2482=DIRECTION('',(0.,1.,0.));
#2483=DIRECTION('center_axis',(-1.,0.,0.));
#2484=DIRECTION('ref_axis',(0.,0.,1.));
#2485=DIRECTION('center_axis',(0.,0.,1.));
#2486=DIRECTION('ref_axis',(1.,0.,0.));
#2487=DIRECTION('',(1.,0.,0.));
#2488=DIRECTION('center_axis',(0.,-1.,0.));
#2489=DIRECTION('ref_axis',(0.,0.,1.));
#2490=DIRECTION('center_axis',(0.,-1.,0.));
#2491=DIRECTION('ref_axis',(0.,0.,1.));
#2492=DIRECTION('',(1.,0.,0.));
#2493=DIRECTION('center_axis',(-1.,0.,0.));
#2494=DIRECTION('ref_axis',(0.,-1.,0.));
#2495=DIRECTION('',(0.,0.986166063947762,0.165760352068214));
#2496=DIRECTION('',(0.,-1.,0.));
#2497=DIRECTION('',(0.,0.,1.));
#2498=DIRECTION('',(0.,-1.,0.));
#2499=DIRECTION('',(0.,0.,-1.));
#2500=DIRECTION('center_axis',(0.,-0.165760352068214,0.986166063947762));
#2501=DIRECTION('ref_axis',(0.,0.986166063947762,0.165760352068214));
#2502=DIRECTION('',(1.,0.,0.));
#2503=DIRECTION('',(0.,-0.986166063947762,-0.165760352068214));
#2504=DIRECTION('',(-1.,0.,0.));
#2505=DIRECTION('center_axis',(0.,-1.,0.));
#2506=DIRECTION('ref_axis',(0.,0.,-1.));
#2507=DIRECTION('',(-1.,0.,0.));
#2508=DIRECTION('',(0.,0.,1.));
#2509=DIRECTION('center_axis',(0.,1.,0.));
#2510=DIRECTION('ref_axis',(0.,0.,1.));
#2511=DIRECTION('',(-1.,0.,0.));
#2512=DIRECTION('',(0.,0.,-1.));
#2513=DIRECTION('',(1.,0.,0.));
#2514=DIRECTION('center_axis',(0.,0.,1.));
#2515=DIRECTION('ref_axis',(1.,0.,0.));
#2516=DIRECTION('',(1.,0.,0.));
#2517=DIRECTION('',(0.,-1.,0.));
#2518=DIRECTION('',(-1.,0.,0.));
#2519=DIRECTION('',(-1.,0.,0.));
#2520=DIRECTION('',(-1.,0.,0.));
#2521=DIRECTION('',(0.,-1.,0.));
#2522=DIRECTION('center_axis',(0.,0.,-1.));
#2523=DIRECTION('ref_axis',(1.,0.,0.));
#2524=DIRECTION('center_axis',(0.,0.,-1.));
#2525=DIRECTION('ref_axis',(1.,0.,0.));
#2526=DIRECTION('center_axis',(0.,0.,-1.));
#2527=DIRECTION('ref_axis',(1.,0.,0.));
#2528=DIRECTION('center_axis',(0.,0.,-1.));
#2529=DIRECTION('ref_axis',(1.,0.,0.));
#2530=DIRECTION('center_axis',(0.,1.,0.));
#2531=DIRECTION('ref_axis',(0.,0.,1.));
#2532=DIRECTION('',(0.,0.,-1.));
#2533=DIRECTION('',(1.,0.,0.));
#2534=DIRECTION('',(0.,0.,1.));
#2535=DIRECTION('',(-1.,0.,0.));
#2536=DIRECTION('center_axis',(0.,-1.,0.));
#2537=DIRECTION('ref_axis',(-1.,0.,0.));
#2538=DIRECTION('center_axis',(1.,0.,0.));
#2539=DIRECTION('ref_axis',(0.,1.,0.));
#2540=DIRECTION('',(0.,-1.,0.));
#2541=DIRECTION('center_axis',(0.,-1.,0.));
#2542=DIRECTION('ref_axis',(0.,0.,-1.));
#2543=DIRECTION('',(0.,0.,-1.));
#2544=DIRECTION('',(-1.,0.,0.));
#2545=DIRECTION('',(0.,0.,1.));
#2546=DIRECTION('center_axis',(0.,0.,-1.));
#2547=DIRECTION('ref_axis',(1.,0.,0.));
#2548=DIRECTION('',(0.,1.,0.));
#2549=DIRECTION('',(0.,-1.,0.));
#2550=DIRECTION('',(-1.,0.,0.));
#2551=DIRECTION('center_axis',(0.,0.,-1.));
#2552=DIRECTION('ref_axis',(-1.,0.,0.));
#2553=DIRECTION('',(-1.,0.,0.));
#2554=DIRECTION('center_axis',(0.,0.,1.));
#2555=DIRECTION('ref_axis',(1.,0.,0.));
#2556=DIRECTION('',(0.,0.,1.));
#2557=DIRECTION('center_axis',(0.,0.,1.));
#2558=DIRECTION('ref_axis',(1.,0.,0.));
#2559=DIRECTION('',(0.,0.,1.));
#2560=DIRECTION('center_axis',(0.,0.,1.));
#2561=DIRECTION('ref_axis',(1.,0.,0.));
#2562=DIRECTION('',(0.,0.,1.));
#2563=DIRECTION('center_axis',(0.,0.,1.));
#2564=DIRECTION('ref_axis',(1.,0.,0.));
#2565=DIRECTION('',(0.,0.,1.));
#2566=DIRECTION('center_axis',(0.,1.,0.));
#2567=DIRECTION('ref_axis',(0.,0.,-1.));
#2568=DIRECTION('center_axis',(0.,1.,0.));
#2569=DIRECTION('ref_axis',(0.,0.,-1.));
#2570=DIRECTION('center_axis',(0.,-1.,0.));
#2571=DIRECTION('ref_axis',(0.,0.,-1.));
#2572=DIRECTION('',(1.,0.,0.));
#2573=DIRECTION('',(0.,0.,-1.));
#2574=DIRECTION('center_axis',(-1.,0.,0.));
#2575=DIRECTION('ref_axis',(0.,0.,1.));
#2576=DIRECTION('',(0.,-1.,0.));
#2577=DIRECTION('center_axis',(0.,1.,0.));
#2578=DIRECTION('ref_axis',(1.,0.,0.));
#2579=DIRECTION('',(0.,0.,-1.));
#2580=DIRECTION('',(0.,0.,1.));
#2581=DIRECTION('',(0.,0.,-1.));
#2582=DIRECTION('center_axis',(0.,-1.,0.));
#2583=DIRECTION('ref_axis',(-1.,0.,0.));
#2584=DIRECTION('',(0.,0.,-1.));
#2585=DIRECTION('center_axis',(-1.,0.,0.));
#2586=DIRECTION('ref_axis',(0.,1.,0.));
#2587=DIRECTION('center_axis',(0.,0.,-1.));
#2588=DIRECTION('ref_axis',(-1.,0.,0.));
#2589=DIRECTION('center_axis',(0.,-1.,0.));
#2590=DIRECTION('ref_axis',(-1.,0.,0.));
#2591=DIRECTION('',(0.,-1.,0.));
#2592=DIRECTION('center_axis',(1.,0.,0.));
#2593=DIRECTION('ref_axis',(0.,0.,-1.));
#2594=DIRECTION('',(0.,-1.,0.));
#2595=DIRECTION('center_axis',(0.,0.,1.));
#2596=DIRECTION('ref_axis',(1.,0.,0.));
#2597=DIRECTION('',(0.,-1.,0.));
#2598=DIRECTION('center_axis',(-1.,0.,0.));
#2599=DIRECTION('ref_axis',(0.,0.,1.));
#2600=DIRECTION('center_axis',(-1.,0.,0.));
#2601=DIRECTION('ref_axis',(0.,0.,1.));
#2602=CARTESIAN_POINT('',(0.,0.,0.));
#2603=CARTESIAN_POINT('Origin',(155.8,-89.9,-8.15));
#2604=CARTESIAN_POINT('',(155.8,-89.9,-10.65));
#2605=CARTESIAN_POINT('',(155.8,-87.4,-8.15));
#2606=CARTESIAN_POINT('Origin',(155.8,-89.9,-8.15));
#2607=CARTESIAN_POINT('',(153.3,-89.9,-8.15));
#2608=CARTESIAN_POINT('Origin',(155.8,-89.9,-8.15));
#2609=CARTESIAN_POINT('Origin',(155.8,-89.9,-8.15));
#2610=CARTESIAN_POINT('Origin',(155.8,-136.4,-8.15));
#2611=CARTESIAN_POINT('',(153.3,-136.4,-8.15));
#2612=CARTESIAN_POINT('',(155.8,-138.9,-8.15));
#2613=CARTESIAN_POINT('Origin',(155.8,-136.4,-8.15));
#2614=CARTESIAN_POINT('',(155.8,-136.4,-10.65));
#2615=CARTESIAN_POINT('Origin',(155.8,-136.4,-8.15));
#2616=CARTESIAN_POINT('Origin',(155.8,-136.4,-8.15));
#2617=CARTESIAN_POINT('Origin',(155.8,-125.525,-8.15));
#2618=CARTESIAN_POINT('',(155.8,-125.525,-10.65));
#2619=CARTESIAN_POINT('',(153.3,-125.525,-8.15));
#2620=CARTESIAN_POINT('Origin',(218.4,-89.9,-8.15));
#2621=CARTESIAN_POINT('',(218.4,-89.9,-10.65));
#2622=CARTESIAN_POINT('',(220.9,-89.9,-8.15));
#2623=CARTESIAN_POINT('Origin',(218.4,-89.9,-8.15));
#2624=CARTESIAN_POINT('',(218.4,-87.4,-8.15));
#2625=CARTESIAN_POINT('Origin',(218.4,-89.9,-8.15));
#2626=CARTESIAN_POINT('Origin',(218.4,-89.9,-8.15));
#2627=CARTESIAN_POINT('Origin',(170.7,-89.9,-8.15));
#2628=CARTESIAN_POINT('',(170.7,-89.9,-10.65));
#2629=CARTESIAN_POINT('',(170.7,-87.4,-8.15));
#2630=CARTESIAN_POINT('Origin',(218.4,-89.9,-3.35));
#2631=CARTESIAN_POINT('',(218.4,-87.4,-0.939999999999997));
#2632=CARTESIAN_POINT('',(220.9,-89.9,-0.939999999999997));
#2633=CARTESIAN_POINT('Origin',(218.4,-89.9,-0.939999999999997));
#2634=CARTESIAN_POINT('',(220.9,-89.9,-3.35));
#2635=CARTESIAN_POINT('',(218.4,-87.4,-3.35));
#2636=CARTESIAN_POINT('Origin',(218.4,-136.4,-8.15));
#2637=CARTESIAN_POINT('',(218.4,-138.9,-8.15));
#2638=CARTESIAN_POINT('',(220.9,-136.4,-8.15));
#2639=CARTESIAN_POINT('Origin',(218.4,-136.4,-8.15));
#2640=CARTESIAN_POINT('',(218.4,-136.4,-10.65));
#2641=CARTESIAN_POINT('Origin',(218.4,-136.4,-8.15));
#2642=CARTESIAN_POINT('Origin',(218.4,-136.4,-8.15));
#2643=CARTESIAN_POINT('Origin',(203.5,-136.4,-8.15));
#2644=CARTESIAN_POINT('',(203.5,-138.9,-8.15));
#2645=CARTESIAN_POINT('',(203.5,-136.4,-10.65));
#2646=CARTESIAN_POINT('Origin',(218.4,-100.775,-8.15));
#2647=CARTESIAN_POINT('',(220.9,-100.775,-8.15));
#2648=CARTESIAN_POINT('',(218.4,-100.775,-10.65));
#2649=CARTESIAN_POINT('Origin',(218.4,-136.4,-3.35));
#2650=CARTESIAN_POINT('',(220.9,-136.4,-0.939999999999997));
#2651=CARTESIAN_POINT('',(218.4,-138.9,-0.939999999999998));
#2652=CARTESIAN_POINT('Origin',(218.4,-136.4,-0.939999999999997));
#2653=CARTESIAN_POINT('',(218.4,-138.9,-3.35));
#2654=CARTESIAN_POINT('',(220.9,-136.4,-3.35));
#2655=CARTESIAN_POINT('Origin',(155.8,-136.4,-3.35));
#2656=CARTESIAN_POINT('',(155.8,-138.9,-0.939999999999998));
#2657=CARTESIAN_POINT('',(153.3,-136.4,-0.939999999999998));
#2658=CARTESIAN_POINT('Origin',(155.8,-136.4,-0.939999999999997));
#2659=CARTESIAN_POINT('',(153.3,-136.4,-3.35));
#2660=CARTESIAN_POINT('',(155.8,-138.9,-3.35));
#2661=CARTESIAN_POINT('Origin',(155.8,-89.9,-3.35));
#2662=CARTESIAN_POINT('',(153.3,-89.9,-0.939999999999998));
#2663=CARTESIAN_POINT('',(155.8,-87.4,-0.939999999999997));
#2664=CARTESIAN_POINT('Origin',(155.8,-89.9,-0.939999999999997));
#2665=CARTESIAN_POINT('',(155.8,-87.4,-3.35));
#2666=CARTESIAN_POINT('',(153.3,-89.9,-3.35));
#2667=CARTESIAN_POINT('Origin',(153.3,-137.9,-3.35));
#2668=CARTESIAN_POINT('',(153.3,-137.9,-0.939999999999998));
#2669=CARTESIAN_POINT('Origin',(187.1,-113.15,-0.939999999999997));
#2670=CARTESIAN_POINT('',(219.9,-138.9,-0.939999999999998));
#2671=CARTESIAN_POINT('',(220.9,-137.9,-0.939999999999997));
#2672=CARTESIAN_POINT('',(170.7,-87.4,-0.939999999999997));
#2673=CARTESIAN_POINT('',(218.6,-136.6,-0.939999999999997));
#2674=CARTESIAN_POINT('',(155.6,-136.6,-0.939999999999997));
#2675=CARTESIAN_POINT('',(203.5,-136.6,-0.939999999999997));
#2676=CARTESIAN_POINT('',(155.6,-89.7,-0.939999999999997));
#2677=CARTESIAN_POINT('',(155.6,-125.525,-0.939999999999997));
#2678=CARTESIAN_POINT('',(218.6,-89.7,-0.939999999999997));
#2679=CARTESIAN_POINT('',(170.7,-89.7,-0.939999999999997));
#2680=CARTESIAN_POINT('',(218.6,-100.775,-0.939999999999997));
#2681=CARTESIAN_POINT('Origin',(219.9,-138.9,-3.35));
#2682=CARTESIAN_POINT('Origin',(187.1,-113.15,-10.65));
#2683=CARTESIAN_POINT('',(217.4,-91.65,-10.65));
#2684=CARTESIAN_POINT('Origin',(216.15,-91.65,-10.65));
#2685=CARTESIAN_POINT('',(159.1,-134.15,-10.65));
#2686=CARTESIAN_POINT('Origin',(157.85,-134.15,-10.65));
#2687=CARTESIAN_POINT('',(159.1,-91.65,-10.65));
#2688=CARTESIAN_POINT('Origin',(157.85,-91.65,-10.65));
#2689=CARTESIAN_POINT('',(217.4,-134.15,-10.65));
#2690=CARTESIAN_POINT('Origin',(216.15,-134.15,-10.65));
#2691=CARTESIAN_POINT('Origin',(220.9,-88.4,-3.35));
#2692=CARTESIAN_POINT('Origin',(154.3,-87.4,-3.35));
#2693=CARTESIAN_POINT('Origin',(218.6,-88.4,-3.35));
#2694=CARTESIAN_POINT('',(218.6,-89.7,-9.65));
#2695=CARTESIAN_POINT('',(218.6,-89.7,-1.94));
#2696=CARTESIAN_POINT('',(218.6,-136.6,-9.65));
#2697=CARTESIAN_POINT('',(218.6,-100.775,-9.65));
#2698=CARTESIAN_POINT('',(218.6,-136.6,-3.35));
#2699=CARTESIAN_POINT('Origin',(154.3,-89.7,-3.35));
#2700=CARTESIAN_POINT('',(155.6,-89.7,-9.65));
#2701=CARTESIAN_POINT('',(155.6,-89.7,-1.94));
#2702=CARTESIAN_POINT('',(170.7,-89.7,-9.65));
#2703=CARTESIAN_POINT('Origin',(187.1,-113.15,-9.65));
#2704=CARTESIAN_POINT('',(155.6,-136.6,-9.65));
#2705=CARTESIAN_POINT('',(203.5,-136.6,-9.65));
#2706=CARTESIAN_POINT('',(155.6,-125.525,-9.65));
#2707=CARTESIAN_POINT('',(217.4,-134.15,-9.65));
#2708=CARTESIAN_POINT('Origin',(216.15,-134.15,-9.65));
#2709=CARTESIAN_POINT('',(159.1,-91.65,-9.65));
#2710=CARTESIAN_POINT('Origin',(157.85,-91.65,-9.65));
#2711=CARTESIAN_POINT('',(159.1,-134.15,-9.65));
#2712=CARTESIAN_POINT('Origin',(157.85,-134.15,-9.65));
#2713=CARTESIAN_POINT('',(217.4,-91.65,-9.65));
#2714=CARTESIAN_POINT('Origin',(216.15,-91.65,-9.65));
#2715=CARTESIAN_POINT('Origin',(216.15,-134.15,-9.35));
#2716=CARTESIAN_POINT('',(217.4,-134.15,-9.35));
#2717=CARTESIAN_POINT('Origin',(157.85,-91.65,-9.35));
#2718=CARTESIAN_POINT('',(159.1,-91.65,-9.35));
#2719=CARTESIAN_POINT('Origin',(157.85,-134.15,-9.35));
#2720=CARTESIAN_POINT('',(159.1,-134.15,-9.35));
#2721=CARTESIAN_POINT('Origin',(216.15,-91.65,-9.35));
#2722=CARTESIAN_POINT('',(217.4,-91.65,-9.35));
#2723=CARTESIAN_POINT('Origin',(219.9,-136.6,-3.35));
#2724=CARTESIAN_POINT('',(155.6,-136.6,-3.35));
#2725=CARTESIAN_POINT('Origin',(155.6,-137.9,-3.35));
#2726=CARTESIAN_POINT('Origin',(219.9,-104.199997670949,2.69999988377094));
#2727=CARTESIAN_POINT('',(218.6,-104.199997670949,2.69999988377094));
#2728=CARTESIAN_POINT('',(220.9,-104.199997670949,2.69999988377094));
#2729=CARTESIAN_POINT('',(219.9,-104.199997670949,2.69999988377094));
#2730=CARTESIAN_POINT('',(218.6,-94.6999414985625,2.69999988377094));
#2731=CARTESIAN_POINT('',(218.6,-96.2999988354743,2.69999988377094));
#2732=CARTESIAN_POINT('',(220.9,-94.6999414985625,2.69999988377094));
#2733=CARTESIAN_POINT('',(219.9,-94.6999414985625,2.69999988377094));
#2734=CARTESIAN_POINT('',(220.9,-96.2999988354743,2.69999988377094));
#2735=CARTESIAN_POINT('Origin',(220.9,-88.4,0.700000000000003));
#2736=CARTESIAN_POINT('',(220.9,-104.199997670949,-0.840000000000003));
#2737=CARTESIAN_POINT('',(220.9,-104.199997670949,1.56));
#2738=CARTESIAN_POINT('',(220.9,-94.6999414985625,-0.840000000000003));
#2739=CARTESIAN_POINT('',(220.9,-94.6999414985625,1.59999994188547));
#2740=CARTESIAN_POINT('',(220.9,-89.9,-0.840000000000003));
#2741=CARTESIAN_POINT('',(220.9,-100.775,-0.840000000000003));
#2742=CARTESIAN_POINT('',(220.9,-89.9,12.045));
#2743=CARTESIAN_POINT('',(220.9,-89.9,0.700000000000003));
#2744=CARTESIAN_POINT('',(220.9,-136.4,12.045));
#2745=CARTESIAN_POINT('',(220.9,-87.4,12.045));
#2746=CARTESIAN_POINT('',(220.9,-136.4,-0.840000000000003));
#2747=CARTESIAN_POINT('',(220.9,-136.4,0.700000000000003));
#2748=CARTESIAN_POINT('',(220.9,-130.693156944118,-0.840000000000003));
#2749=CARTESIAN_POINT('',(220.9,-137.9,-0.840000000000003));
#2750=CARTESIAN_POINT('',(220.9,-130.693156944118,2.56113666384922));
#2751=CARTESIAN_POINT('',(220.9,-130.693156944118,1.32705875127544));
#2752=CARTESIAN_POINT('',(220.9,-116.132972846046,2.56113666384922));
#2753=CARTESIAN_POINT('',(220.9,-109.546578472059,2.56113666384922));
#2754=CARTESIAN_POINT('',(220.9,-116.132972846046,-0.840000000000003));
#2755=CARTESIAN_POINT('',(220.9,-116.132972846046,1.56));
#2756=CARTESIAN_POINT('',(220.9,-108.172608492115,-0.840000000000003));
#2757=CARTESIAN_POINT('',(220.9,-100.775,-0.840000000000003));
#2758=CARTESIAN_POINT('',(220.9,-106.827394726536,-0.840000000000003));
#2759=CARTESIAN_POINT('Origin',(220.9,-107.500001609325,-0.0999999925494195));
#2760=CARTESIAN_POINT('',(220.9,-100.775,-0.840000000000003));
#2761=CARTESIAN_POINT('Origin',(178.312486512729,-122.15,14.195));
#2762=CARTESIAN_POINT('',(161.9,-122.5,14.545));
#2763=CARTESIAN_POINT('',(212.1,-122.5,14.545));
#2764=CARTESIAN_POINT('',(178.312486512729,-122.5,14.545));
#2765=CARTESIAN_POINT('',(211.4,-121.8,13.845));
#2766=CARTESIAN_POINT('',(212.1,-122.5,14.545));
#2767=CARTESIAN_POINT('',(162.6,-121.8,13.845));
#2768=CARTESIAN_POINT('',(178.312486512729,-121.8,13.845));
#2769=CARTESIAN_POINT('',(161.9,-122.5,14.545));
#2770=CARTESIAN_POINT('Origin',(211.75,-105.35,14.195));
#2771=CARTESIAN_POINT('',(212.1,-97.3,14.545));
#2772=CARTESIAN_POINT('',(212.1,-105.35,14.545));
#2773=CARTESIAN_POINT('',(211.4,-98.,13.845));
#2774=CARTESIAN_POINT('',(212.1,-97.3,14.545));
#2775=CARTESIAN_POINT('',(211.4,-105.35,13.845));
#2776=CARTESIAN_POINT('Origin',(207.712486512729,-97.65,14.195));
#2777=CARTESIAN_POINT('',(161.9,-97.3,14.545));
#2778=CARTESIAN_POINT('',(207.712486512729,-97.3,14.545));
#2779=CARTESIAN_POINT('',(162.6,-98.,13.845));
#2780=CARTESIAN_POINT('',(161.9,-97.3,14.545));
#2781=CARTESIAN_POINT('',(207.712486512729,-98.,13.845));
#2782=CARTESIAN_POINT('Origin',(162.25,-90.95,14.195));
#2783=CARTESIAN_POINT('',(162.6,-90.95,13.845));
#2784=CARTESIAN_POINT('',(161.9,-90.95,14.545));
#2785=CARTESIAN_POINT('Origin',(162.6,-95.5,13.845));
#2786=CARTESIAN_POINT('',(162.6,-121.8,13.645));
#2787=CARTESIAN_POINT('',(162.6,-121.8,13.845));
#2788=CARTESIAN_POINT('',(162.6,-98.,13.645));
#2789=CARTESIAN_POINT('',(162.6,-124.3,13.645));
#2790=CARTESIAN_POINT('',(162.6,-98.,14.045));
#2791=CARTESIAN_POINT('Origin',(157.6,-121.8,13.845));
#2792=CARTESIAN_POINT('',(211.4,-121.8,13.645));
#2793=CARTESIAN_POINT('',(211.4,-121.8,14.045));
#2794=CARTESIAN_POINT('',(216.4,-121.8,13.645));
#2795=CARTESIAN_POINT('Origin',(199.024973025458,-86.4,14.545));
#2796=CARTESIAN_POINT('',(201.524973025458,-73.9,14.545));
#2797=CARTESIAN_POINT('',(211.525012189406,-73.9,14.545));
#2798=CARTESIAN_POINT('',(202.774982816445,-73.9,14.545));
#2799=CARTESIAN_POINT('',(201.524973025458,-84.9,14.545));
#2800=CARTESIAN_POINT('',(201.524973025458,-86.4,14.545));
#2801=CARTESIAN_POINT('',(196.524973025458,-89.9,14.545));
#2802=CARTESIAN_POINT('Origin',(196.524973025458,-84.9,14.545));
#2803=CARTESIAN_POINT('',(155.8,-89.9,14.545));
#2804=CARTESIAN_POINT('',(176.662486512729,-89.9,14.545));
#2805=CARTESIAN_POINT('',(155.8,-136.4,14.545));
#2806=CARTESIAN_POINT('',(155.8,-112.15,14.545));
#2807=CARTESIAN_POINT('',(218.4,-136.4,14.545));
#2808=CARTESIAN_POINT('',(209.462486512729,-136.4,14.545));
#2809=CARTESIAN_POINT('',(218.4,-89.9,14.545));
#2810=CARTESIAN_POINT('',(218.4,-87.4,14.545));
#2811=CARTESIAN_POINT('',(216.525012189406,-89.9,14.545));
#2812=CARTESIAN_POINT('',(176.662486512729,-89.9,14.545));
#2813=CARTESIAN_POINT('',(211.525012189406,-84.9,14.545));
#2814=CARTESIAN_POINT('Origin',(216.525012189406,-84.9,14.545));
#2815=CARTESIAN_POINT('',(211.525012189406,-86.4,14.545));
#2816=CARTESIAN_POINT('',(214.9,-134.15,14.545));
#2817=CARTESIAN_POINT('Origin',(216.15,-134.15,14.545));
#2818=CARTESIAN_POINT('',(156.6,-91.65,14.545));
#2819=CARTESIAN_POINT('Origin',(157.85,-91.65,14.545));
#2820=CARTESIAN_POINT('',(214.9,-91.65,14.545));
#2821=CARTESIAN_POINT('Origin',(216.15,-91.65,14.545));
#2822=CARTESIAN_POINT('',(156.6,-134.15,14.545));
#2823=CARTESIAN_POINT('Origin',(157.85,-134.15,14.545));
#2824=CARTESIAN_POINT('Origin',(220.9,-107.500001609325,-0.0999999925494195));
#2825=CARTESIAN_POINT('',(218.6,-108.172608492115,-0.840000000000003));
#2826=CARTESIAN_POINT('',(220.9,-108.172608492115,-0.840000000000003));
#2827=CARTESIAN_POINT('',(218.6,-106.827394726536,-0.840000000000003));
#2828=CARTESIAN_POINT('Origin',(218.6,-107.500001609325,-0.0999999925494195));
#2829=CARTESIAN_POINT('',(220.9,-106.827394726536,-0.840000000000003));
#2830=CARTESIAN_POINT('Origin',(187.1,-113.15,-0.840000000000003));
#2831=CARTESIAN_POINT('',(218.6,-104.199997670949,-0.840000000000003));
#2832=CARTESIAN_POINT('',(218.6,-100.775,-0.840000000000003));
#2833=CARTESIAN_POINT('',(203.5,-104.199997670949,-0.840000000000003));
#2834=CARTESIAN_POINT('Origin',(218.6,-88.4,0.700000000000003));
#2835=CARTESIAN_POINT('',(218.6,-104.199997670949,1.56));
#2836=CARTESIAN_POINT('',(218.6,-116.132972846046,-0.840000000000003));
#2837=CARTESIAN_POINT('',(218.6,-100.775,-0.840000000000003));
#2838=CARTESIAN_POINT('',(218.6,-116.132972846046,2.56113666384922));
#2839=CARTESIAN_POINT('',(218.6,-116.132972846046,2.63056833192461));
#2840=CARTESIAN_POINT('',(218.6,-130.693156944118,2.56113666384922));
#2841=CARTESIAN_POINT('',(218.6,-109.546578472059,2.56113666384922));
#2842=CARTESIAN_POINT('',(218.6,-130.693156944118,-0.840000000000003));
#2843=CARTESIAN_POINT('',(218.6,-130.693156944118,1.56));
#2844=CARTESIAN_POINT('',(218.6,-136.6,-0.840000000000003));
#2845=CARTESIAN_POINT('',(218.6,-100.775,-0.840000000000003));
#2846=CARTESIAN_POINT('',(218.6,-136.6,12.395));
#2847=CARTESIAN_POINT('',(218.6,-136.6,8.39499999999999));
#2848=CARTESIAN_POINT('',(218.6,-89.7,12.395));
#2849=CARTESIAN_POINT('',(218.6,-100.775,12.395));
#2850=CARTESIAN_POINT('',(218.6,-89.7,-0.840000000000003));
#2851=CARTESIAN_POINT('',(218.6,-89.7,8.39499999999999));
#2852=CARTESIAN_POINT('',(218.6,-94.6999414985625,-0.840000000000003));
#2853=CARTESIAN_POINT('',(218.6,-100.775,-0.840000000000003));
#2854=CARTESIAN_POINT('',(218.6,-94.6999414985625,1.56));
#2855=CARTESIAN_POINT('Origin',(202.774982816445,-73.9,12.045));
#2856=CARTESIAN_POINT('',(201.524973025458,-71.4,12.045));
#2857=CARTESIAN_POINT('Origin',(201.524973025458,-73.9,12.045));
#2858=CARTESIAN_POINT('',(211.525012189406,-71.4,12.045));
#2859=CARTESIAN_POINT('Origin',(211.525012189406,-73.9,12.045));
#2860=CARTESIAN_POINT('',(202.774982816445,-71.4,12.045));
#2861=CARTESIAN_POINT('Origin',(201.524973025458,-73.9,2.76));
#2862=CARTESIAN_POINT('',(201.524973025458,-73.9,0.259999999999997));
#2863=CARTESIAN_POINT('',(201.524973025458,-71.4,2.76));
#2864=CARTESIAN_POINT('Origin',(201.524973025458,-73.9,2.76));
#2865=CARTESIAN_POINT('',(199.024973025458,-73.9,2.76));
#2866=CARTESIAN_POINT('Origin',(201.524973025458,-73.9,2.76));
#2867=CARTESIAN_POINT('Origin',(201.524973025458,-73.9,2.76));
#2868=CARTESIAN_POINT('Origin',(201.524973025458,-84.9,2.76));
#2869=CARTESIAN_POINT('',(201.524973025458,-84.9,0.259999999999997));
#2870=CARTESIAN_POINT('',(199.024973025458,-84.9,2.76));
#2871=CARTESIAN_POINT('Origin',(201.524973025458,-84.9,2.76));
#2872=CARTESIAN_POINT('',(199.024973025458,-84.9,2.76));
#2873=CARTESIAN_POINT('',(201.524973025458,-84.9,0.259999999999997));
#2874=CARTESIAN_POINT('Origin',(196.524973025458,-84.9,2.76));
#2875=CARTESIAN_POINT('',(200.85510004438,-87.4,0.259999999999997));
#2876=CARTESIAN_POINT('',(196.524973025458,-87.4,2.76));
#2877=CARTESIAN_POINT('Ctrl Pts',(196.524973025458,-87.4,2.76));
#2878=CARTESIAN_POINT('Ctrl Pts',(196.871345803059,-87.4,2.4136272223988));
#2879=CARTESIAN_POINT('Ctrl Pts',(197.251911365412,-87.4,2.03164753160984));
#2880=CARTESIAN_POINT('Ctrl Pts',(198.062114178335,-87.4,1.33234692069184));
#2881=CARTESIAN_POINT('Ctrl Pts',(198.494370667506,-87.4,1.01806638195389));
#2882=CARTESIAN_POINT('Ctrl Pts',(199.20625466869,-87.4,0.634922277061995));
#2883=CARTESIAN_POINT('Ctrl Pts',(199.527326693147,-87.4,0.496452827141943));
#2884=CARTESIAN_POINT('Ctrl Pts',(200.192350590282,-87.4,0.308635820328472));
#2885=CARTESIAN_POINT('Ctrl Pts',(200.536503267036,-87.4,0.259999999999996));
#2886=CARTESIAN_POINT('Ctrl Pts',(200.85510004438,-87.4,0.259999999999997));
#2887=CARTESIAN_POINT('Origin',(196.524973025458,-84.9,2.76));
#2888=CARTESIAN_POINT('Origin',(196.524973025458,-84.9,0.259999999999997));
#2889=CARTESIAN_POINT('Origin',(201.524973025458,-73.9,4.68125));
#2890=CARTESIAN_POINT('',(199.024973025458,-73.9,12.045));
#2891=CARTESIAN_POINT('Origin',(201.524973025458,-73.9,12.045));
#2892=CARTESIAN_POINT('',(201.524973025458,-71.4,4.68125));
#2893=CARTESIAN_POINT('',(199.024973025458,-73.9,4.68125));
#2894=CARTESIAN_POINT('Origin',(211.525012189406,-73.9,2.76));
#2895=CARTESIAN_POINT('',(214.025012189406,-73.9,2.76));
#2896=CARTESIAN_POINT('',(211.525012189406,-71.4,2.76));
#2897=CARTESIAN_POINT('Origin',(211.525012189406,-73.9,2.76));
#2898=CARTESIAN_POINT('',(211.525012189406,-73.9,0.259999999999997));
#2899=CARTESIAN_POINT('Origin',(211.525012189406,-73.9,2.76));
#2900=CARTESIAN_POINT('Origin',(211.525012189406,-73.9,2.76));
#2901=CARTESIAN_POINT('Origin',(216.525012189406,-84.9,2.76));
#2902=CARTESIAN_POINT('',(211.525012189406,-84.9,0.259999999999997));
#2903=CARTESIAN_POINT('',(214.025012189406,-84.9,2.76));
#2904=CARTESIAN_POINT('Origin',(211.525012189406,-84.9,2.76));
#2905=CARTESIAN_POINT('',(216.525012189406,-87.4,2.76));
#2906=CARTESIAN_POINT('Origin',(216.525012189406,-84.9,2.76));
#2907=CARTESIAN_POINT('',(212.194885170484,-87.4,0.259999999999997));
#2908=CARTESIAN_POINT('Ctrl Pts',(212.194885170484,-87.4,0.259999999999997));
#2909=CARTESIAN_POINT('Ctrl Pts',(212.513481947828,-87.4,0.259999999999996));
#2910=CARTESIAN_POINT('Ctrl Pts',(212.857634624581,-87.4,0.308635820328472));
#2911=CARTESIAN_POINT('Ctrl Pts',(213.522658521717,-87.4,0.496452827141943));
#2912=CARTESIAN_POINT('Ctrl Pts',(213.843730546174,-87.4,0.634922277061995));
#2913=CARTESIAN_POINT('Ctrl Pts',(214.555614547357,-87.4,1.01806638195389));
#2914=CARTESIAN_POINT('Ctrl Pts',(214.987871036529,-87.4,1.33234692069184));
#2915=CARTESIAN_POINT('Ctrl Pts',(215.798073849452,-87.4,2.03164753160984));
#2916=CARTESIAN_POINT('Ctrl Pts',(216.178639411805,-87.4,2.4136272223988));
#2917=CARTESIAN_POINT('Ctrl Pts',(216.525012189406,-87.4,2.76));
#2918=CARTESIAN_POINT('Origin',(216.525012189406,-84.9,0.259999999999997));
#2919=CARTESIAN_POINT('Origin',(211.525012189406,-84.9,2.76));
#2920=CARTESIAN_POINT('',(214.025012189406,-84.9,2.76));
#2921=CARTESIAN_POINT('',(211.525012189406,-84.9,0.259999999999997));
#2922=CARTESIAN_POINT('Origin',(206.524992607432,-73.9,2.76));
#2923=CARTESIAN_POINT('',(204.473330171747,-71.4,2.76));
#2924=CARTESIAN_POINT('',(208.576655043117,-71.4,2.76));
#2925=CARTESIAN_POINT('Ctrl Pts',(204.473330171747,-71.4,2.76));
#2926=CARTESIAN_POINT('Ctrl Pts',(204.662899113863,-71.4,2.61818359981308));
#2927=CARTESIAN_POINT('Ctrl Pts',(204.869555420768,-71.4120500960531,2.49458165032372));
#2928=CARTESIAN_POINT('Ctrl Pts',(205.541027457423,-71.4580211575426,2.18396913755568));
#2929=CARTESIAN_POINT('Ctrl Pts',(206.045154769538,-71.4949649170958,2.07749999999998));
#2930=CARTESIAN_POINT('Ctrl Pts',(206.524992607432,-71.4949649170958,2.07749999999998));
#2931=CARTESIAN_POINT('Ctrl Pts',(207.004830445326,-71.4949649170958,2.07749999999998));
#2932=CARTESIAN_POINT('Ctrl Pts',(207.508957757441,-71.4580211575426,2.18396913755568));
#2933=CARTESIAN_POINT('Ctrl Pts',(208.180429794096,-71.4120500960531,2.49458165032371));
#2934=CARTESIAN_POINT('Ctrl Pts',(208.387086101,-71.4,2.61818359981312));
#2935=CARTESIAN_POINT('Ctrl Pts',(208.576655043117,-71.4,2.75999999999999));
#2936=CARTESIAN_POINT('',(206.524992607432,-71.4,2.76));
#2937=CARTESIAN_POINT('',(206.524992607432,-73.9,0.259999999999997));
#2938=CARTESIAN_POINT('',(206.524992607432,-71.4,2.76));
#2939=CARTESIAN_POINT('Origin',(211.525012189406,-73.9,10.92375));
#2940=CARTESIAN_POINT('',(214.025012189406,-73.9,12.045));
#2941=CARTESIAN_POINT('Origin',(211.525012189406,-73.9,12.045));
#2942=CARTESIAN_POINT('',(214.025012189406,-73.9,10.92375));
#2943=CARTESIAN_POINT('',(211.525012189406,-71.4,10.92375));
#2944=CARTESIAN_POINT('Origin',(211.525012189406,-73.9,12.045));
#2945=CARTESIAN_POINT('Origin',(211.525012189406,-73.9,12.045));
#2946=CARTESIAN_POINT('Origin',(201.524973025458,-73.9,12.045));
#2947=CARTESIAN_POINT('Origin',(201.524973025458,-73.9,12.045));
#2948=CARTESIAN_POINT('Origin',(196.524973025458,-84.9,1.13));
#2949=CARTESIAN_POINT('',(196.524973025458,-87.4,12.045));
#2950=CARTESIAN_POINT('',(196.524973025458,-87.4,1.13));
#2951=CARTESIAN_POINT('',(199.024973025458,-84.9,12.045));
#2952=CARTESIAN_POINT('Origin',(196.524973025458,-84.9,12.045));
#2953=CARTESIAN_POINT('',(199.024973025458,-84.9,1.13));
#2954=CARTESIAN_POINT('Origin',(206.524992607432,-83.4,0.259999999999997));
#2955=CARTESIAN_POINT('',(180.412496303716,-87.4,0.259999999999997));
#2956=CARTESIAN_POINT('Origin',(206.524992607432,-71.4,7.80249999999999));
#2957=CARTESIAN_POINT('',(209.949992607432,-71.4,5.50249999999999));
#2958=CARTESIAN_POINT('Origin',(206.524992607432,-71.4,5.50249999999999));
#2959=CARTESIAN_POINT('Origin',(206.524992607432,-71.4,5.50249999999999));
#2960=CARTESIAN_POINT('Origin',(196.524973025458,-84.9,12.045));
#2961=CARTESIAN_POINT('Origin',(201.524973025458,-84.9,12.045));
#2962=CARTESIAN_POINT('Origin',(196.524973025458,-89.9,12.045));
#2963=CARTESIAN_POINT('Origin',(201.524973025458,-86.4,12.045));
#2964=CARTESIAN_POINT('',(199.024973025458,-86.4,12.045));
#2965=CARTESIAN_POINT('Origin',(155.8,-89.9,12.045));
#2966=CARTESIAN_POINT('',(153.3,-89.9,12.045));
#2967=CARTESIAN_POINT('',(155.8,-87.4,12.045));
#2968=CARTESIAN_POINT('Origin',(155.8,-89.9,12.045));
#2969=CARTESIAN_POINT('Origin',(155.8,-89.9,12.045));
#2970=CARTESIAN_POINT('Origin',(155.8,-89.9,12.045));
#2971=CARTESIAN_POINT('Origin',(155.8,-136.4,12.045));
#2972=CARTESIAN_POINT('',(155.8,-138.9,12.045));
#2973=CARTESIAN_POINT('',(153.3,-136.4,12.045));
#2974=CARTESIAN_POINT('Origin',(155.8,-136.4,12.045));
#2975=CARTESIAN_POINT('Origin',(155.8,-136.4,12.045));
#2976=CARTESIAN_POINT('Origin',(155.8,-136.4,12.045));
#2977=CARTESIAN_POINT('Origin',(218.4,-136.4,12.045));
#2978=CARTESIAN_POINT('',(218.4,-138.9,12.045));
#2979=CARTESIAN_POINT('Origin',(218.4,-136.4,12.045));
#2980=CARTESIAN_POINT('Origin',(218.4,-136.4,12.045));
#2981=CARTESIAN_POINT('Origin',(218.4,-136.4,12.045));
#2982=CARTESIAN_POINT('Origin',(218.4,-89.9,12.045));
#2983=CARTESIAN_POINT('',(218.4,-87.4,12.045));
#2984=CARTESIAN_POINT('Origin',(218.4,-89.9,12.045));
#2985=CARTESIAN_POINT('Origin',(218.4,-89.9,12.045));
#2986=CARTESIAN_POINT('Origin',(218.4,-89.9,12.045));
#2987=CARTESIAN_POINT('Origin',(218.4,-87.4,12.045));
#2988=CARTESIAN_POINT('Origin',(218.4,-89.9,0.700000000000003));
#2989=CARTESIAN_POINT('',(218.4,-87.4,-0.840000000000003));
#2990=CARTESIAN_POINT('Origin',(218.4,-89.9,-0.840000000000003));
#2991=CARTESIAN_POINT('',(218.4,-87.4,0.700000000000003));
#2992=CARTESIAN_POINT('Origin',(216.525012189406,-84.9,12.045));
#2993=CARTESIAN_POINT('',(214.025012189406,-84.9,12.045));
#2994=CARTESIAN_POINT('',(216.525012189406,-87.4,12.045));
#2995=CARTESIAN_POINT('Origin',(216.525012189406,-84.9,12.045));
#2996=CARTESIAN_POINT('Origin',(211.525012189406,-84.9,12.045));
#2997=CARTESIAN_POINT('Origin',(216.525012189406,-89.9,12.045));
#2998=CARTESIAN_POINT('Origin',(211.525012189406,-86.4,12.045));
#2999=CARTESIAN_POINT('',(214.025012189406,-86.4,12.045));
#3000=CARTESIAN_POINT('Origin',(176.662486512729,-89.9,12.045));
#3001=CARTESIAN_POINT('',(176.662486512729,-87.4,12.045));
#3002=CARTESIAN_POINT('Origin',(216.525012189406,-84.9,7.3725));
#3003=CARTESIAN_POINT('',(214.025012189406,-84.9,7.3725));
#3004=CARTESIAN_POINT('',(216.525012189406,-87.4,7.3725));
#3005=CARTESIAN_POINT('Origin',(209.462486512729,-136.4,12.045));
#3006=CARTESIAN_POINT('',(209.462486512729,-138.9,12.045));
#3007=CARTESIAN_POINT('Origin',(218.4,-136.4,0.700000000000003));
#3008=CARTESIAN_POINT('',(218.4,-138.9,-0.840000000000003));
#3009=CARTESIAN_POINT('Origin',(218.4,-136.4,-0.840000000000003));
#3010=CARTESIAN_POINT('',(218.4,-138.9,0.700000000000003));
#3011=CARTESIAN_POINT('Origin',(155.8,-112.15,12.045));
#3012=CARTESIAN_POINT('',(153.3,-112.15,12.045));
#3013=CARTESIAN_POINT('Origin',(155.8,-136.4,0.700000000000003));
#3014=CARTESIAN_POINT('',(153.3,-136.4,-0.840000000000003));
#3015=CARTESIAN_POINT('',(155.8,-138.9,-0.840000000000003));
#3016=CARTESIAN_POINT('Origin',(155.8,-136.4,-0.840000000000003));
#3017=CARTESIAN_POINT('',(155.8,-138.9,0.700000000000003));
#3018=CARTESIAN_POINT('',(153.3,-136.4,0.700000000000003));
#3019=CARTESIAN_POINT('Origin',(176.662486512729,-89.9,12.045));
#3020=CARTESIAN_POINT('',(176.662486512729,-87.4,12.045));
#3021=CARTESIAN_POINT('Origin',(155.8,-89.9,0.700000000000003));
#3022=CARTESIAN_POINT('',(155.8,-87.4,-0.840000000000003));
#3023=CARTESIAN_POINT('',(153.3,-89.9,-0.840000000000003));
#3024=CARTESIAN_POINT('Origin',(155.8,-89.9,-0.840000000000003));
#3025=CARTESIAN_POINT('',(153.3,-89.9,0.700000000000003));
#3026=CARTESIAN_POINT('',(155.8,-87.4,0.700000000000003));
#3027=CARTESIAN_POINT('Origin',(214.025012189406,-86.4,14.045));
#3028=CARTESIAN_POINT('Origin',(154.3,-87.4,0.700000000000003));
#3029=CARTESIAN_POINT('',(154.3,-87.4,-0.840000000000003));
#3030=CARTESIAN_POINT('Origin',(219.9,-138.9,0.700000000000003));
#3031=CARTESIAN_POINT('',(154.3,-138.9,-0.840000000000003));
#3032=CARTESIAN_POINT('Origin',(187.1,-113.15,-0.840000000000003));
#3033=CARTESIAN_POINT('',(203.5,-94.6999414985625,-0.840000000000003));
#3034=CARTESIAN_POINT('',(155.6,-89.7,-0.840000000000003));
#3035=CARTESIAN_POINT('',(170.7,-89.7,-0.840000000000003));
#3036=CARTESIAN_POINT('',(155.6,-136.6,-0.840000000000003));
#3037=CARTESIAN_POINT('',(155.6,-125.525,-0.840000000000003));
#3038=CARTESIAN_POINT('',(203.5,-136.6,-0.840000000000003));
#3039=CARTESIAN_POINT('',(203.5,-130.693156944118,-0.840000000000003));
#3040=CARTESIAN_POINT('',(153.3,-88.4,-0.840000000000003));
#3041=CARTESIAN_POINT('Origin',(153.3,-137.9,0.700000000000003));
#3042=CARTESIAN_POINT('Origin',(187.1,-113.15,-0.840000000000003));
#3043=CARTESIAN_POINT('',(203.5,-116.132972846046,-0.840000000000003));
#3044=CARTESIAN_POINT('Origin',(219.9,-104.199997670949,1.56));
#3045=CARTESIAN_POINT('Origin',(219.9,-130.693156944118,1.95411750255088));
#3046=CARTESIAN_POINT('',(219.9,-130.693156944118,2.56113666384922));
#3047=CARTESIAN_POINT('Origin',(156.1,-94.,-11.505));
#3048=CARTESIAN_POINT('',(156.1,-131.148925808674,12.395));
#3049=CARTESIAN_POINT('',(156.1,-126.5,13.1764176607335));
#3050=CARTESIAN_POINT('',(156.1,-130.237653196005,12.5481718385253));
#3051=CARTESIAN_POINT('',(156.1,-93.3,12.395));
#3052=CARTESIAN_POINT('',(156.1,-114.234928788622,12.395));
#3053=CARTESIAN_POINT('',(156.1,-93.3,13.645));
#3054=CARTESIAN_POINT('',(156.1,-93.3,13.495));
#3055=CARTESIAN_POINT('',(156.1,-126.5,13.645));
#3056=CARTESIAN_POINT('',(156.1,-101.95,13.645));
#3057=CARTESIAN_POINT('',(156.1,-126.5,13.2940776073588));
#3058=CARTESIAN_POINT('Origin',(218.1,-131.61485498082,12.3166839978202));
#3059=CARTESIAN_POINT('',(217.9,-126.5,13.1764176607335));
#3060=CARTESIAN_POINT('',(218.,-126.5,13.1764176607335));
#3061=CARTESIAN_POINT('',(217.9,-131.148925808674,12.395));
#3062=CARTESIAN_POINT('',(217.9,-130.237653196005,12.5481718385253));
#3063=CARTESIAN_POINT('',(187.,-131.148925808674,12.395));
#3064=CARTESIAN_POINT('Origin',(217.9,-126.5,13.495));
#3065=CARTESIAN_POINT('',(217.9,-126.5,13.645));
#3066=CARTESIAN_POINT('',(202.45,-126.5,13.645));
#3067=CARTESIAN_POINT('',(217.9,-126.5,13.495));
#3068=CARTESIAN_POINT('Origin',(217.9,-93.3,-11.505));
#3069=CARTESIAN_POINT('',(217.9,-93.3,12.395));
#3070=CARTESIAN_POINT('',(202.504412232988,-93.3,12.395));
#3071=CARTESIAN_POINT('',(217.9,-93.3,13.645));
#3072=CARTESIAN_POINT('',(217.9,-93.3,13.495));
#3073=CARTESIAN_POINT('',(202.45,-93.3,13.645));
#3074=CARTESIAN_POINT('Origin',(187.108824465977,-134.469857577245,12.395));
#3075=CARTESIAN_POINT('',(155.6,-136.6,12.395));
#3076=CARTESIAN_POINT('',(203.5,-136.6,12.395));
#3077=CARTESIAN_POINT('',(155.6,-89.7,12.395));
#3078=CARTESIAN_POINT('',(155.6,-125.525,12.395));
#3079=CARTESIAN_POINT('',(200.324973025458,-89.7,12.395));
#3080=CARTESIAN_POINT('',(170.7,-89.7,12.395));
#3081=CARTESIAN_POINT('',(212.725012189406,-89.7,12.395));
#3082=CARTESIAN_POINT('',(170.7,-89.7,12.395));
#3083=CARTESIAN_POINT('',(170.7,-89.7,12.395));
#3084=CARTESIAN_POINT('',(217.9,-121.006514949397,12.395));
#3085=CARTESIAN_POINT('',(214.9,-134.15,12.395));
#3086=CARTESIAN_POINT('Origin',(216.15,-134.15,12.395));
#3087=CARTESIAN_POINT('',(214.9,-91.65,12.395));
#3088=CARTESIAN_POINT('Origin',(216.15,-91.65,12.395));
#3089=CARTESIAN_POINT('',(156.6,-91.65,12.395));
#3090=CARTESIAN_POINT('Origin',(157.85,-91.65,12.395));
#3091=CARTESIAN_POINT('',(156.6,-134.15,12.395));
#3092=CARTESIAN_POINT('Origin',(157.85,-134.15,12.395));
#3093=CARTESIAN_POINT('Origin',(206.524992607432,-72.7,7.80249999999999));
#3094=CARTESIAN_POINT('',(212.725012189406,-72.7,12.745));
#3095=CARTESIAN_POINT('',(212.725012189406,-72.7,1.56));
#3096=CARTESIAN_POINT('',(212.725012189406,-72.7,2.86));
#3097=CARTESIAN_POINT('',(200.324973025458,-72.7,12.745));
#3098=CARTESIAN_POINT('',(202.774982816445,-72.7,12.745));
#3099=CARTESIAN_POINT('',(200.324973025458,-72.7,1.56));
#3100=CARTESIAN_POINT('',(200.324973025458,-72.7,4.68125));
#3101=CARTESIAN_POINT('',(207.174992607432,-72.7,1.56));
#3102=CARTESIAN_POINT('',(209.949992607432,-72.7,5.50249999999999));
#3103=CARTESIAN_POINT('Origin',(206.524992607432,-72.7,5.50249999999999));
#3104=CARTESIAN_POINT('Origin',(217.9,-125.8,-11.505));
#3105=CARTESIAN_POINT('',(217.9,-125.8,13.645));
#3106=CARTESIAN_POINT('Origin',(154.3,-89.7,0.700000000000003));
#3107=CARTESIAN_POINT('',(200.324973025458,-89.7,12.745));
#3108=CARTESIAN_POINT('',(200.324973025458,-89.7,1.13));
#3109=CARTESIAN_POINT('',(212.725012189406,-89.7,12.745));
#3110=CARTESIAN_POINT('',(177.312486512729,-89.7,12.745));
#3111=CARTESIAN_POINT('',(212.725012189406,-89.7,6.7225));
#3112=CARTESIAN_POINT('Origin',(206.524992607432,-83.4,1.56));
#3113=CARTESIAN_POINT('',(212.725012189406,-89.7,1.56));
#3114=CARTESIAN_POINT('',(212.725012189406,-83.05,1.56));
#3115=CARTESIAN_POINT('',(200.324973025458,-89.7,1.56));
#3116=CARTESIAN_POINT('',(200.324973025458,-88.4,1.56));
#3117=CARTESIAN_POINT('',(177.312486512729,-89.7,1.56));
#3118=CARTESIAN_POINT('Origin',(219.9,-130.693156944118,2.56113666384922));
#3119=CARTESIAN_POINT('',(219.9,-116.132972846046,2.56113666384922));
#3120=CARTESIAN_POINT('Origin',(157.85,-134.15,11.895));
#3121=CARTESIAN_POINT('',(156.6,-134.15,11.895));
#3122=CARTESIAN_POINT('Origin',(216.15,-91.65,11.895));
#3123=CARTESIAN_POINT('',(214.9,-91.65,11.895));
#3124=CARTESIAN_POINT('Origin',(157.85,-91.65,11.895));
#3125=CARTESIAN_POINT('',(156.6,-91.65,11.895));
#3126=CARTESIAN_POINT('Origin',(216.15,-134.15,11.895));
#3127=CARTESIAN_POINT('',(214.9,-134.15,11.895));
#3128=CARTESIAN_POINT('Origin',(219.9,-94.6999414985625,5.19999988377094));
#3129=CARTESIAN_POINT('Origin',(219.9,-116.132972846046,4.56113666384922));
#3130=CARTESIAN_POINT('Origin',(216.4,-98.,13.845));
#3131=CARTESIAN_POINT('',(211.4,-98.,13.645));
#3132=CARTESIAN_POINT('',(157.6,-98.,13.645));
#3133=CARTESIAN_POINT('',(211.4,-98.,13.845));
#3134=CARTESIAN_POINT('Origin',(211.4,-124.3,13.845));
#3135=CARTESIAN_POINT('',(211.4,-95.5,13.645));
#3136=CARTESIAN_POINT('Origin',(154.3,-89.7,0.700000000000003));
#3137=CARTESIAN_POINT('',(212.725012189406,-89.7,1.13));
#3138=CARTESIAN_POINT('',(200.324973025458,-89.7,6.7225));
#3139=CARTESIAN_POINT('',(155.6,-89.7,0.700000000000003));
#3140=CARTESIAN_POINT('Origin',(219.9,-136.6,0.700000000000003));
#3141=CARTESIAN_POINT('',(155.6,-136.6,1.56));
#3142=CARTESIAN_POINT('Origin',(155.6,-137.9,0.700000000000003));
#3143=CARTESIAN_POINT('Origin',(187.,-109.9,13.645));
#3144=CARTESIAN_POINT('Origin',(206.524992607432,-78.4,5.50249999999999));
#3145=CARTESIAN_POINT('',(209.949992607432,-78.4,5.50249999999999));
#3146=CARTESIAN_POINT('Origin',(212.725012189406,-86.4,14.045));
#3147=CARTESIAN_POINT('',(212.725012189406,-86.4,12.745));
#3148=CARTESIAN_POINT('Origin',(199.024973025458,-86.4,12.745));
#3149=CARTESIAN_POINT('',(200.324973025458,-86.4,12.745));
#3150=CARTESIAN_POINT('Origin',(200.324973025458,-86.4,1.56));
#3151=CARTESIAN_POINT('Origin',(199.024973025458,-86.4,1.56));
#3152=UNCERTAINTY_MEASURE_WITH_UNIT(LENGTH_MEASURE(0.01),#3156,
'DISTANCE_ACCURACY_VALUE',
'Maximum model space distance between geometric entities at asserted c
onnectivities');
#3153=UNCERTAINTY_MEASURE_WITH_UNIT(LENGTH_MEASURE(0.01),#3156,
'DISTANCE_ACCURACY_VALUE',
'Maximum model space distance between geometric entities at asserted c
onnectivities');
#3154=(
GEOMETRIC_REPRESENTATION_CONTEXT(3)
GLOBAL_UNCERTAINTY_ASSIGNED_CONTEXT((#3152))
GLOBAL_UNIT_ASSIGNED_CONTEXT((#3156,#3158,#3159))
REPRESENTATION_CONTEXT('','3D')
);
#3155=(
GEOMETRIC_REPRESENTATION_CONTEXT(3)
GLOBAL_UNCERTAINTY_ASSIGNED_CONTEXT((#3153))
GLOBAL_UNIT_ASSIGNED_CONTEXT((#3156,#3158,#3159))
REPRESENTATION_CONTEXT('','3D')
);
#3156=(
LENGTH_UNIT()
NAMED_UNIT(*)
SI_UNIT(.MILLI.,.METRE.)
);
#3157=(
LENGTH_UNIT()
NAMED_UNIT(*)
SI_UNIT($,.METRE.)
);
#3158=(
NAMED_UNIT(*)
PLANE_ANGLE_UNIT()
SI_UNIT($,.RADIAN.)
);
#3159=(
NAMED_UNIT(*)
SI_UNIT($,.STERADIAN.)
SOLID_ANGLE_UNIT()
);
#3160=SHAPE_DEFINITION_REPRESENTATION(#3161,#3162);
#3161=PRODUCT_DEFINITION_SHAPE('',$,#3164);
#3162=SHAPE_REPRESENTATION('',(#1865),#3154);
#3163=PRODUCT_DEFINITION_CONTEXT('part definition',#3168,'design');
#3164=PRODUCT_DEFINITION('.step 1','Messager v15',#3165,#3163);
#3165=PRODUCT_DEFINITION_FORMATION('',$,#3170);
#3166=PRODUCT_RELATED_PRODUCT_CATEGORY('Messager v15','Messager v15',(#3170));
#3167=APPLICATION_PROTOCOL_DEFINITION('international standard',
'automotive_design',2009,#3168);
#3168=APPLICATION_CONTEXT(
'Core Data for Automotive Mechanical Design Process');
#3169=PRODUCT_CONTEXT('part definition',#3168,'mechanical');
#3170=PRODUCT('.step 1','Messager v15','KiCad electronic assembly',(#3169));
#3171=PRESENTATION_STYLE_ASSIGNMENT((#3173));
#3172=PRESENTATION_STYLE_ASSIGNMENT((#3174));
#3173=SURFACE_STYLE_USAGE(.BOTH.,#3175);
#3174=SURFACE_STYLE_USAGE(.BOTH.,#3176);
#3175=SURFACE_SIDE_STYLE('',(#3177));
#3176=SURFACE_SIDE_STYLE('',(#3178));
#3177=SURFACE_STYLE_FILL_AREA(#3179);
#3178=SURFACE_STYLE_FILL_AREA(#3180);
#3179=FILL_AREA_STYLE('Steel - Satin',(#3181));
#3180=FILL_AREA_STYLE('Tough 2000 (with Formlabs SLA 3D Printers)',(#3182));
#3181=FILL_AREA_STYLE_COLOUR('Steel - Satin',#3183);
#3182=FILL_AREA_STYLE_COLOUR(
'Tough 2000 (with Formlabs SLA 3D Printers)',#3184);
#3183=COLOUR_RGB('Steel - Satin',0.627450980392157,0.627450980392157,0.627450980392157);
#3184=COLOUR_RGB('Tough 2000 (with Formlabs SLA 3D Printers)',0.247058823529412,
0.247058823529412,0.247058823529412);
ENDSEC;
END-ISO-10303-21;
